alloy,sample,power_W,speed_mm_s,w_exp_um,d_exp_um,R_exp,published_regime,raw_sections_n,raw_mean_width_um,raw_mean_depth_um
316L,1,100,400,119.7142857,129.2857143,1.079952267,keyhole,7,119.7143,129.2857
316L,2,100,500,109.7142857,98.85714286,0.901041667,transition,7,109.7143,98.8571
316L,3,100,600,100.2857143,75.14285714,0.749287749,transition,7,100.2857,75.1429
316L,4,100,700,79.0,49.14285714,0.622061483,transition,7,79.0000,49.1429
316L,5,100,800,80.14285714,47.57142857,0.593582888,conduction,7,80.1429,47.5714
316L,6,100,900,75.71428571,46.0,0.60754717,conduction,7,75.7143,46.0000
316L,7,100,1000,72.71428571,46.14285714,0.634577603,conduction,7,72.7143,46.1429
316L,8,100,1100,61.0,28.85714286,0.473067916,conduction,7,61.0000,28.8571
316L,9,200,400,144.2857143,305.7142857,2.118811881,keyhole,7,144.2857,305.7143
316L,10,200,500,157.7142857,278.7142857,1.767210145,keyhole,7,157.7143,278.7143
316L,11,200,600,133.7142857,265.8571429,1.988247863,keyhole,7,133.7143,265.8571
316L,12,200,700,126.0,198.8571429,1.578231293,keyhole,7,126.0000,198.8571
316L,13,200,800,141.4285714,128.4285714,0.908080808,keyhole,7,141.4286,128.4286
316L,14,200,900,135.7142857,144.0,1.061052632,keyhole,7,135.7143,144.0000
316L,15,200,1000,131.7142857,97.85714286,0.742950108,keyhole,7,131.7143,97.8571
316L,16,200,1100,120.8571429,84.14285714,0.696217494,keyhole,7,120.8571,84.1429
316L,17,300,400,170.8571429,571.1428571,3.342809365,keyhole,7,170.8571,571.1429
316L,18,300,500,159.1428571,469.4285714,2.9497307,keyhole,7,159.1429,469.4286
316L,19,300,600,141.7142857,445.1428571,3.141129032,keyhole,7,141.7143,445.1429
316L,20,300,700,145.1428571,360.8571429,2.486220472,keyhole,7,145.1429,360.8571
316L,21,300,800,138.0,350.4285714,2.539337474,keyhole,7,138.0000,350.4286
316L,22,300,900,124.2857143,305.0,2.454022989,keyhole,7,124.2857,305.0000
316L,23,300,1000,120.2857143,227.7142857,1.893111639,keyhole,7,120.2857,227.7143
316L,24,300,1100,112.0,201.1428571,1.795918367,keyhole,7,112.0000,201.1429
316L,25,400,400,190.5714286,749.7142857,3.934032984,keyhole,7,190.5714,749.7143
316L,26,400,500,200.5714286,623.7142857,3.10968661,keyhole,7,200.5714,623.7143
316L,27,400,600,182.5714286,532.5714286,2.917057903,keyhole,7,182.5714,532.5714
316L,28,400,700,147.7142857,496.8571429,3.363636364,keyhole,7,147.7143,496.8571
316L,29,400,800,147.1428571,454.5714286,3.089320388,keyhole,7,147.1429,454.5714
316L,30,400,900,136.2857143,409.8571429,3.007337526,keyhole,7,136.2857,409.8571
316L,31,400,1000,123.1428571,356.8571429,2.897911833,keyhole,7,123.1429,356.8571
316L,32,400,1100,114.2857143,313.5714286,2.74375,keyhole,7,114.2857,313.5714
316L,33,500,400,188.0,911.4285714,4.848024316,keyhole,7,188.0000,911.4286
316L,34,500,500,182.0,885.8571429,4.867346939,keyhole,7,182.0000,885.8571
316L,35,500,600,163.7142857,799.2857143,4.882198953,keyhole,7,163.7143,799.2857
316L,36,500,700,152.5714286,721.5714286,4.729400749,keyhole,7,152.5714,721.5714
316L,37,500,800,141.4285714,648.0,4.581818182,keyhole,7,141.4286,648.0000
316L,38,500,900,125.4285714,555.5714286,4.429384966,keyhole,7,125.4286,555.5714
316L,39,500,1000,138.8571429,444.4285714,3.200617284,keyhole,7,138.8571,444.4286
316L,40,500,1100,142.0,287.5714286,2.025150905,keyhole,7,142.0000,287.5714
316L,41,600,400,,,,,0,,
316L,42,600,500,,,,,0,,
316L,43,600,600,179.7142857,895.2857143,4.981717011,keyhole,7,179.7143,895.2857
316L,44,600,700,161.4285714,782.0,4.844247788,keyhole,7,161.4286,782.0000
316L,45,600,800,153.7142857,681.0,4.430297398,keyhole,7,153.7143,681.0000
316L,46,600,900,136.2857143,637.1428571,4.675052411,keyhole,7,136.2857,637.1429
316L,47,600,1000,,,,,7,225.7143,335.1429
316L,48,600,1100,,,,,7,198.8571,274.5714
Ti-6Al-4V,1,100,800,106.0,105.11,0.99,transition,10,104.7000,104.8000
Ti-6Al-4V,2,100,1000,93.15,57.15,0.61,transition,13,93.1538,57.1538
Ti-6Al-4V,3,100,1200,90.83,49.75,0.55,conduction,12,90.8333,49.7500
Ti-6Al-4V,4,100,1400,77.64,43.64,0.56,conduction,11,77.6364,43.6364
Ti-6Al-4V,5,100,1600,70.0,34.67,0.5,conduction,9,70.0000,34.6667
Ti-6Al-4V,6,100,1800,66.89,25.78,0.39,conduction,9,66.8889,25.7778
Ti-6Al-4V,7,100,2000,64.82,30.27,0.47,conduction,11,64.8182,30.2727
Ti-6Al-4V,8,200,800,123.29,252.14,2.05,keyhole,15,124.2667,249.2000
Ti-6Al-4V,9,200,1000,125.78,203.22,1.62,keyhole,9,125.7778,203.2222
Ti-6Al-4V,10,200,1200,111.8,154.0,1.38,keyhole,11,110.5455,151.8182
Ti-6Al-4V,11,200,1400,110.46,139.23,1.26,keyhole,14,110.0000,137.5000
Ti-6Al-4V,12,200,1600,99.45,118.18,1.19,transition,15,96.5333,121.5333
Ti-6Al-4V,13,200,1800,88.47,99.6,1.13,transition,16,88.5625,98.9375
Ti-6Al-4V,14,200,2000,89.78,62.22,0.69,transition,10,88.3000,62.5000
