series,material,sample,irradiance_W_cm2,run,temperature_C,absorptivity_median,absorptivity_p05,absorptivity_p95,read_uncertainty_absorptivity,locator,digitized
SS-8.9-1st,316 Stainless Steel,SS,8.9,1st,100,0.629,0.623,0.635,0.02,Fig. 4(a) greyblue trace; median of trace pixels within 15 C of 100 C,true
SS-8.9-1st,316 Stainless Steel,SS,8.9,1st,200,0.611,0.604,0.616,0.02,Fig. 4(a) greyblue trace; median of trace pixels within 15 C of 200 C,true
SS-8.9-1st,316 Stainless Steel,SS,8.9,1st,300,0.614,0.604,0.621,0.02,Fig. 4(a) greyblue trace; median of trace pixels within 15 C of 300 C,true
SS-8.9-1st,316 Stainless Steel,SS,8.9,1st,400,0.608,0.595,0.618,0.02,Fig. 4(a) greyblue trace; median of trace pixels within 15 C of 400 C,true
SS-8.9-2nd,316 Stainless Steel,SS,8.9,2nd,100,0.646,0.642,0.650,0.02,Fig. 4(a) blue trace; median of trace pixels within 15 C of 100 C,true
SS-8.9-2nd,316 Stainless Steel,SS,8.9,2nd,200,0.633,0.629,0.639,0.02,Fig. 4(a) blue trace; median of trace pixels within 15 C of 200 C,true
SS-8.9-2nd,316 Stainless Steel,SS,8.9,2nd,300,0.629,0.622,0.639,0.02,Fig. 4(a) blue trace; median of trace pixels within 15 C of 300 C,true
SS-8.9-2nd,316 Stainless Steel,SS,8.9,2nd,400,0.637,0.629,0.648,0.02,Fig. 4(a) blue trace; median of trace pixels within 15 C of 400 C,true
SS-13.8-single,316 Stainless Steel,SS,13.8,single,100,0.654,0.650,0.659,0.02,Fig. 4(a) red trace; median of trace pixels within 15 C of 100 C,true
SS-13.8-single,316 Stainless Steel,SS,13.8,single,200,0.642,0.631,0.652,0.02,Fig. 4(a) red trace; median of trace pixels within 15 C of 200 C,true
SS-13.8-single,316 Stainless Steel,SS,13.8,single,300,0.633,0.625,0.640,0.02,Fig. 4(a) red trace; median of trace pixels within 15 C of 300 C,true
SS-13.8-single,316 Stainless Steel,SS,13.8,single,400,0.627,0.621,0.633,0.02,Fig. 4(a) red trace; median of trace pixels within 15 C of 400 C,true
SS-13.8-single,316 Stainless Steel,SS,13.8,single,500,0.623,0.620,0.629,0.02,Fig. 4(a) red trace; median of trace pixels within 15 C of 500 C,true
Ti64-A-8.9-2nd,Ti-6Al-4V,Ti64-A,8.9,2nd,100,0.715,0.711,0.717,0.02,Fig. 4(b) blue trace; median of trace pixels within 15 C of 100 C,true
Ti64-A-8.9-2nd,Ti-6Al-4V,Ti64-A,8.9,2nd,200,0.695,0.681,0.700,0.02,Fig. 4(b) blue trace; median of trace pixels within 15 C of 200 C,true
Ti64-A-8.9-2nd,Ti-6Al-4V,Ti64-A,8.9,2nd,300,0.710,0.698,0.717,0.02,Fig. 4(b) blue trace; median of trace pixels within 15 C of 300 C,true
Ti64-A-8.9-2nd,Ti-6Al-4V,Ti64-A,8.9,2nd,400,0.704,0.681,0.715,0.02,Fig. 4(b) blue trace; median of trace pixels within 15 C of 400 C,true
Ti64-A-13.8-single,Ti-6Al-4V,Ti64-A,13.8,single,100,0.710,0.695,0.715,0.02,Fig. 4(b) red trace; median of trace pixels within 15 C of 100 C,true
Ti64-A-13.8-single,Ti-6Al-4V,Ti64-A,13.8,single,200,0.710,0.700,0.711,0.02,Fig. 4(b) red trace; median of trace pixels within 15 C of 200 C,true
Ti64-A-13.8-single,Ti-6Al-4V,Ti64-A,13.8,single,300,0.706,0.700,0.713,0.02,Fig. 4(b) red trace; median of trace pixels within 15 C of 300 C,true
Ti64-A-13.8-single,Ti-6Al-4V,Ti64-A,13.8,single,400,0.689,0.683,0.693,0.02,Fig. 4(b) red trace; median of trace pixels within 15 C of 400 C,true
Ti64-B-8.9-1st,Ti-6Al-4V,Ti64-B,8.9,1st,100,0.683,0.674,0.692,0.02,Fig. 4(b) orange trace; median of trace pixels within 15 C of 100 C,true
Ti64-B-8.9-1st,Ti-6Al-4V,Ti64-B,8.9,1st,200,0.672,0.666,0.678,0.02,Fig. 4(b) orange trace; median of trace pixels within 15 C of 200 C,true
Ti64-B-8.9-1st,Ti-6Al-4V,Ti64-B,8.9,1st,300,0.648,0.634,0.702,0.02,Fig. 4(b) orange trace; median of trace pixels within 15 C of 300 C,true
Ti64-B-8.9-1st,Ti-6Al-4V,Ti64-B,8.9,1st,400,0.661,0.644,0.680,0.02,Fig. 4(b) orange trace; median of trace pixels within 15 C of 400 C,true
Ti64-B-8.9-2nd,Ti-6Al-4V,Ti64-B,8.9,2nd,100,0.691,0.687,0.696,0.02,Fig. 4(b) green trace; median of trace pixels within 15 C of 100 C,true
Ti64-B-8.9-2nd,Ti-6Al-4V,Ti64-B,8.9,2nd,200,0.680,0.674,0.681,0.02,Fig. 4(b) green trace; median of trace pixels within 15 C of 200 C,true
Ti64-B-8.9-2nd,Ti-6Al-4V,Ti64-B,8.9,2nd,300,0.649,0.621,0.687,0.02,Fig. 4(b) green trace; median of trace pixels within 15 C of 300 C,true
Ti64-B-8.9-2nd,Ti-6Al-4V,Ti64-B,8.9,2nd,400,0.657,0.642,0.684,0.02,Fig. 4(b) green trace; median of trace pixels within 15 C of 400 C,true
Ti64-B-13.8-1st,Ti-6Al-4V,Ti64-B,13.8,1st,100,0.700,0.696,0.702,0.02,Fig. 4(b) brown trace; median of trace pixels within 15 C of 100 C,true
Ti64-B-13.8-1st,Ti-6Al-4V,Ti64-B,13.8,1st,200,0.687,0.683,0.689,0.02,Fig. 4(b) brown trace; median of trace pixels within 15 C of 200 C,true
Ti64-B-13.8-1st,Ti-6Al-4V,Ti64-B,13.8,1st,300,0.684,0.680,0.687,0.02,Fig. 4(b) brown trace; median of trace pixels within 15 C of 300 C,true
Ti64-B-13.8-1st,Ti-6Al-4V,Ti64-B,13.8,1st,400,0.672,0.668,0.678,0.02,Fig. 4(b) brown trace; median of trace pixels within 15 C of 400 C,true
Ti64-B-13.8-2nd,Ti-6Al-4V,Ti64-B,13.8,2nd,100,0.704,0.695,0.710,0.02,Fig. 4(b) black trace; median of trace pixels within 15 C of 100 C,true
Ti64-B-13.8-2nd,Ti-6Al-4V,Ti64-B,13.8,2nd,200,0.702,0.694,0.710,0.02,Fig. 4(b) black trace; median of trace pixels within 15 C of 200 C,true
Ti64-B-13.8-2nd,Ti-6Al-4V,Ti64-B,13.8,2nd,300,0.693,0.687,0.696,0.02,Fig. 4(b) black trace; median of trace pixels within 15 C of 300 C,true
Ti64-B-13.8-2nd,Ti-6Al-4V,Ti64-B,13.8,2nd,400,0.695,0.689,0.700,0.02,Fig. 4(b) black trace; median of trace pixels within 15 C of 400 C,true
Al-8.7-1st,Aluminium (99.9 %),Al,8.7,1st,100,0.523,0.520,0.533,0.02,Fig. 4(c) greyblue trace; median of trace pixels within 15 C of 100 C,true
Al-8.7-1st,Aluminium (99.9 %),Al,8.7,1st,200,0.520,0.512,0.523,0.02,Fig. 4(c) greyblue trace; median of trace pixels within 15 C of 200 C,true
Al-8.7-1st,Aluminium (99.9 %),Al,8.7,1st,300,0.512,0.502,0.537,0.02,Fig. 4(c) greyblue trace; median of trace pixels within 15 C of 300 C,true
Al-8.7-1st,Aluminium (99.9 %),Al,8.7,1st,400,0.510,0.500,0.537,0.02,Fig. 4(c) greyblue trace; median of trace pixels within 15 C of 400 C,true
Al-8.7-2nd,Aluminium (99.9 %),Al,8.7,2nd,100,0.527,0.523,0.533,0.02,Fig. 4(c) blue trace; median of trace pixels within 15 C of 100 C,true
Al-8.7-2nd,Aluminium (99.9 %),Al,8.7,2nd,200,0.524,0.520,0.529,0.02,Fig. 4(c) blue trace; median of trace pixels within 15 C of 200 C,true
Al-8.7-2nd,Aluminium (99.9 %),Al,8.7,2nd,300,0.518,0.504,0.531,0.02,Fig. 4(c) blue trace; median of trace pixels within 15 C of 300 C,true
Al-8.7-2nd,Aluminium (99.9 %),Al,8.7,2nd,400,0.516,0.487,0.541,0.02,Fig. 4(c) blue trace; median of trace pixels within 15 C of 400 C,true
Al-13.5-single,Aluminium (99.9 %),Al,13.5,single,100,0.537,0.531,0.545,0.02,Fig. 4(c) red trace; median of trace pixels within 15 C of 100 C,true
Al-13.5-single,Aluminium (99.9 %),Al,13.5,single,200,0.531,0.525,0.539,0.02,Fig. 4(c) red trace; median of trace pixels within 15 C of 200 C,true
Al-13.5-single,Aluminium (99.9 %),Al,13.5,single,300,0.539,0.527,0.550,0.02,Fig. 4(c) red trace; median of trace pixels within 15 C of 300 C,true
Al-13.5-single,Aluminium (99.9 %),Al,13.5,single,400,0.522,0.506,0.535,0.02,Fig. 4(c) red trace; median of trace pixels within 15 C of 400 C,true
