;Power;100;W;;;;;;;;;;;;;;;;;;;;;;;;;;;;;;
;;;;;;;;;;;;;;;;;;;;;;;;;;;;;;;;;
;Scanning Speed ;800;mm/s;;;Scanning Speed ;1000;mm/s;;;Scanning Speed ;1200;mm/s;;;Scanning Speed ;1400;mm/s;;;Scanning Speed ;1600;mm/s;;;Scanning Speed ;1800;mm/s;;;Scanning Speed ;2000;mm/s
;;;;;;;;;;;;;;;;;;;;;;;;;;;;;;;;;
;Melt Pool Dimensions;;;;;Melt Pool Dimensions;;;;;Melt Pool Dimensions;;;;;Melt Pool Dimensions;;;;;Melt Pool Dimensions;;;;;Melt Pool Dimensions;;;;;Melt Pool Dimensions;;
;Depth;Width;;;;Depth;Width;;;;Depth;Width;;;;Depth;Width;;;;Depth;Width;;;;Depth;Width;;;;Depth;Width;
1;102;93;µm;;1;62;89;µm;;1;22;94;µm;;1;34;68;µm;;1;30;67;µm;;1;44;68;µm;;1;33;72;µm
2;98;106;µm;;2;48;89;µm;;2;47;86;µm;;2;61;79;µm;;2;14;69;µm;;2;33;71;µm;;2;34;63;µm
3;113;102;µm;;3;68;103;µm;;3;49;82;µm;;3;23;62;µm;;3;36;71;µm;;3;19;67;µm;;3;40;62;µm
4;93;103;µm;;4;78;96;µm;;4;42;83;µm;;4;24;81;µm;;4;45;72;µm;;4;32;66;µm;;4;19;58;µm
5;109;102;µm;;5;42;99;µm;;5;66;97;µm;;5;46;82;µm;;5;46;67;µm;;5;20;62;µm;;5;32;70;µm
6;110;107;µm;;6;29;90;µm;;6;30;87;µm;;6;53;73;µm;;6;16;48;µm;;6;18;66;µm;;6;33;68;µm
7;105;106;µm;;7;23;68;µm;;7;14;90;µm;;7;68;84;µm;;7;41;69;µm;;7;15;68;µm;;7;25;60;µm
8;76;107;µm;;8;41;96;µm;;8;62;91;µm;;8;47;75;µm;;8;49;81;µm;;8;14;61;µm;;8;22;71;µm
9;116;104;µm;;9;50;97;µm;;9;72;93;µm;;9;33;83;µm;;9;35;86;µm;;9;37;73;µm;;9;29;56;µm
10;126;117;µm;;10;45;90;µm;;10;66;92;µm;;10;63;92;µm;;;;;;;;;;;;10;35;64;µm
;;;;;11;94;105;µm;;11;73;103;µm;;11;28;75;µm;;;;;;;;;;;;11;31;69;µm
;;;;;12;84;91;µm;;12;54;92;µm;;;;;;;;;;;;;;;;;;;;
;;;;;13;79;98;µm;;;;;;;;;;;;;;;;;;;;;;;;;
;;;;;;;;;;;;;;;;;;;;;;;;;;;;;;;;;
Mean (?);105;105;µm;;?;57;93;;;?;50;91;;;?;44;78;;;?;35;70;;;?;26;67;;;?;30;65;
St. Dev. (?);13,78;5,96;µm;;?;22,11;9,21;;;?;19,63;5,89;;;?;16,24;8,25;;;?;12,65;10,52;;;?;10,86;3,82;;;?;6,12;5,51;
Relative St. Dev. (?/?);13,151;5,696;%;;?/?;38,677;9,886;;;?/?;39,455;6,485;;;?/?;37,211;10,626;;;?/?;36,488;15,034;;;?/?;42,130;5,715;;;?/?;20,206;8,501;
Aspect ratio (Depth/Width);1,00;;;;D/W;0,61;;;;D/W;0,55;;;;D/W;0,56;;;;D/W;0,50;;;;D/W;0,39;;;;D/W;0,47;;
;;;;;;;;;;;;;;;;;;;;;;;;;;;;;;;;;
;;;;;;;;;;;;;;;;;;;;;;;;;;;;;;;;;
;Power;200;W;;;;;;;;;;;;;;;;;;;;;;;;;;;;;;
;;;;;;;;;;;;;;;;;;;;;;;;;;;;;;;;;
;Scanning Speed ;800;mm/s;;;Scanning Speed ;1000;mm/s;;;Scanning Speed ;1200;mm/s;;;Scanning Speed ;1400;mm/s;;;Scanning Speed ;1600;mm/s;;;Scanning Speed ;1800;mm/s;;;Scanning Speed ;2000;mm/s
;;;;;;;;;;;;;;;;;;;;;;;;;;;;;;;;;
;Melt Pool Dimensions;;;;;Melt Pool Dimensions;;;;;Melt Pool Dimensions;;;;;Melt Pool Dimensions;;;;;Melt Pool Dimensions;;;;;Melt Pool Dimensions;;;;;Melt Pool Dimensions;;
;Depth;Width;;;;Depth;Width;;;;Depth;Width;;;;Depth;Width;;;;Depth;Width;;;;Depth;Width;;;;Depth;Width;
1;208;138;µm;;1;180;176;µm;;1;130;98;µm;;1;115;104;µm;;1;111;99;µm;;1;89;90;µm;;1;65;75;µm
2;184;140;µm;;2;137;118;µm;;2;106;120;µm;;2;141;124;µm;;2;108;92;µm;;2;87;90;µm;;2;85;84;µm
3;167;130;µm;;3;117;122;µm;;3;109;126;µm;;3;149;104;µm;;3;125;99;µm;;3;111;75;µm;;3;94;87;µm
4;223;108;µm;;4;230;140;µm;;4;134;112;µm;;4;119;122;µm;;4;113;97;µm;;4;103;90;µm;;4;98;84;µm
5;271;100;µm;;5;243;110;µm;;5;175;98;µm;;5;119;112;µm;;5;124;100;µm;;5;104;93;µm;;5;79;80;µm
6;285;118;µm;;6;235;118;µm;;6;170;106;µm;;6;134;112;µm;;6;90;107;µm;;6;109;101;µm;;6;48;85;µm
7;252;120;µm;;7;245;124;µm;;7;167;120;µm;;7;130;114;µm;;7;132;101;µm;;7;113;92;µm;;7;49;93;µm
8;267;128;µm;;8;240;112;µm;;8;170;102;µm;;8;156;108;µm;;8;120;101;µm;;8;99;93;µm;;8;29;91;µm
9;285;126;µm;;9;202;112;µm;;9;144;104;µm;;9;168;112;µm;;9;127;94;µm;;9;102;99;µm;;9;43;102;µm
10;290;112;µm;;;;;;;10;181;124;µm;;10;110;106;µm;;10;115;102;µm;;10;103;80;µm;;10;35;102;µm
11;268;110;µm;;;;;;;11;184;106;µm;;11;149;102;µm;;11;135;102;µm;;11;104;80;µm;;;;;
12;284;144;µm;;;;;;;;;;;;12;144;108;µm;;12;114;88;µm;;12;95;78;µm;;;;;
13;268;136;µm;;;;;;;;;;;;13;136;118;µm;;13;129;82;µm;;13;93;94;µm;;;;;
14;214;134;µm;;;;;;;;;;;;14;155;94;µm;;14;132;90;µm;;14;94;80;µm;;;;;
15;272;120;µm;;;;;;;;;;;;;;;;;15;148;94;µm;;15;96;102;µm;;;;;
;;;;;;;;;;;;;;;;;;;;;;;;;16;81;80;µm;;;;;
;;;;;;;;;;;;;;;;;;;;;;;;;;;;;;;;;
Mean (?);249;124;µm;;?;203;126;;;?;152;111;;;?;138;110;;;?;122;97;;;?;100;89;;;?;63;88;
St. Dev. (?);39,73;13,07;µm;;?;48,43;20,89;;;?;28,47;10,36;;;?;17,35;8,08;;;?;13,80;6,51;;;?;7,75;8,63;;;?;25,14;8,82;
Relative St. Dev. (?/?);15,942;10,516;%;;?/?;23,833;16,610;;;?/?;18,751;9,369;;;?/?;12,622;7,342;;;?/?;11,358;6,746;;;?/?;7,744;9,678;;;?/?;40,225;9,988;
Aspect ratio (Depth/Width);2,01;;;;D/W;1,62;;;;D/W;1,37;;;;D/W;1,25;;;;D/W;1,26;;;;D/W;1,12;;;;D/W;0,71;;
;;;;;;;;;;;;;;;;;;;;;;;;;;;;;;;;;
;;;;;;;;;;;;;;;;;;;;;;;;;;;;;;;;;
;;;;;;;;;;;;;;;;;;;;;;;;;;;;;;;;;
;;;;;;;;;;;;;;;;;;;;;;;;;;;;;;;;;
