;Power;100;W;;;;;;;;;;;;;;;;;;;;;;;;;;;;;;;;;;;
;;;;;;;;;;;;;;;;;;;;;;;;;;;;;;;;;;;;;;
;Scanning Speed ;400;mm/s;;;Scanning Speed ;500;mm/s;;;Scanning Speed ;600;mm/s;;;Scanning Speed ;700;mm/s;;;Scanning Speed ;800;mm/s;;;Scanning Speed ;900;mm/s;;;Scanning Speed ;1000;mm/s;;;Scanning Speed ;1100;mm/s
;;;;;;;;;;;;;;;;;;;;;;;;;;;;;;;;;;;;;;
;Melt Pool Dimensions;;;;;Melt Pool Dimensions;;;;;Melt Pool Dimensions;;;;;Melt Pool Dimensions;;;;;Melt Pool Dimensions;;;;;Melt Pool Dimensions;;;;;Melt Pool Dimensions;;;;;Melt Pool Dimensions;;
;Depth;Width;;;;Depth;Width;;;;Depth;Width;;;;Depth;Width;;;;Depth;Width;;;;Depth;Width;;;;Depth;Width;;;;Depth;Width;
1;120;126;µm;;1;110;114;µm;57;1;65;107;µm;;1;37;83;µm;;1;48;87;µm;;1;63;75;µm;;1;44;58;µm;;1;27;63;µm
2;108;122;µm;;2;81;92;µm;46;2;80;94;µm;;2;51;73;µm;;2;54;77;µm;;2;45;71;µm;;2;54;83;µm;;2;23;57;µm
3;134;122;µm;;3;85;92;µm;46;3;70;100;µm;;3;50;78;µm;;3;48;67;µm;;3;42;66;µm;;3;44;70;µm;;3;33;77;µm
4;134;126;µm;;4;108;102;µm;51;4;73;88;µm;;4;46;75;µm;;4;44;93;µm;;4;39;72;µm;;4;34;83;µm;;4;34;65;µm
5;150;114;µm;;5;108;122;µm;61;5;83;97;µm;;5;41;94;µm;;5;52;86;µm;;5;50;76;µm;;5;61;68;µm;;5;36;48;µm
6;160;102;µm;;6;103;126;µm;63;6;78;114;µm;;6;69;80;µm;;6;45;78;µm;;6;44;86;µm;;6;47;77;µm;;6;22;64;µm
7;99;126;µm;;7;97;120;µm;60;7;77;102;µm;;7;50;70;µm;;7;42;73;µm;;7;39;84;µm;;7;39;70;µm;;7;27;53;µm
;;;;;;;;;;;;;;;;;;;;;;;;;;;;;;;;;;;;;;
;;;;;;;;;;;;;;;;;;;;;;;;;;;;;;;;;;;;;;
;;;;;;;;;;;;;;;;;;;;;;;;;;;;;;;;;;;;;;
;;;;;;;;;;;;;;;;;;;;;;;;;;;;;;;;;;;;;;
Mean (?);129;120;µm;;?;99;110;;;?;75;100;;;?;49;79;;;?;48;80;;;?;46;76;;;?;46;73;;;?;29;61;
St. Dev. (?);21,88;8,90;µm;;?;11,71;14,30;;;?;6,20;8,54;;;?;10,19;7,92;;;?;4,31;8,99;;;?;8,41;7,13;;;?;9,04;8,98;;;?;5,52;9,43;
Relative St. Dev. (?/?);16,927;7,436;%;;?/?;11,846;13,036;;;?/?;8,255;8,514;;;?/?;20,733;10,021;;;?/?;9,071;11,217;;;?/?;18,275;9,423;;;?/?;19,602;12,344;;;?/?;19,131;15,466;
Aspect ratio (Depth/Width);1,08;;;;D/W;0,90;;;;D/W;0,75;;;;D/W;0,62;;;;D/W;0,59;;;;D/W;0,61;;;;D/W;0,63;;;;D/W;0,47;;
;;;;;;;;;;;;;;;;;;;;;;;;;;;;;;;;;;;;;;
;;;;;;;;;;;;;;;;;;;;;;;;;;;;;;;;;;;;;;
;Power;200;W;;;;;;;;;;;;;;;;;;;;;;;;;;;;;;;;;;;
;;;;;;;;;;;;;;;;;;;;;;;;;;;;;;;;;;;;;;
;Scanning Speed ;400;mm/s;;;Scanning Speed ;500;mm/s;;;Scanning Speed ;600;mm/s;;;Scanning Speed ;700;mm/s;;;Scanning Speed ;800;mm/s;;;Scanning Speed ;900;mm/s;;;Scanning Speed ;1000;mm/s;;;Scanning Speed ;1100;mm/s
;;;;;;;;;;;;;;;;;;;;;;;;;;;;;;;;;;;;;;
;Melt Pool Dimensions;;;;;Melt Pool Dimensions;;;;;Melt Pool Dimensions;;;;;Melt Pool Dimensions;;;;;Melt Pool Dimensions;;;;;Melt Pool Dimensions;;;;;Melt Pool Dimensions;;;;;Melt Pool Dimensions;;
;Depth;Width;;;;Depth;Width;;;;Depth;Width;;;;Depth;Width;;;;Depth;Width;;;;Depth;Width;;;;Depth;Width;;;;Depth;Width;
1;283;162;µm;;1;258;136;µm;;1;245;142;µm;;1;212;116;µm;;1;94;150;µm;;1;131;126;µm;;1;102;146;µm;;1;84;130;µm
2;361;180;µm;;2;253;180;µm;;2;276;126;µm;;2;219;122;µm;;2;164;150;µm;;2;174;126;µm;;2;92;122;µm;;2;54;100;µm
3;319;160;µm;;3;300;142;µm;;3;251;130;µm;;3;206;136;µm;;3;120;122;µm;;3;132;140;µm;;3;111;138;µm;;3;83;108;µm
4;312;128;µm;;4;262;140;µm;;4;264;142;µm;;4;173;106;µm;;4;101;142;µm;;4;145;142;µm;;4;92;122;µm;;4;89;120;µm
5;337;138;µm;;5;263;162;µm;;5;252;128;µm;;5;226;128;µm;;5;142;150;µm;;5;133;148;µm;;5;112;128;µm;;5;78;126;µm
6;238;122;µm;;6;297;194;µm;;6;248;134;µm;;6;157;120;µm;;6;133;134;µm;;6;145;142;µm;;6;85;120;µm;;6;113;146;µm
7;290;120;µm;;7;318;150;µm;;7;325;134;µm;;7;199;154;µm;;7;145;142;µm;;7;148;126;µm;;7;91;146;µm;;7;88;116;µm
;;;;;;;;;;;;;;;;;;;;;;;;;;;;;;;;;;;;;;
;;;;;;;;;;;;;;;;;;;;;;;;;;;;;;;;;;;;;;
;;;;;;;;;;;;;;;;;;;;;;;;;;;;;;;;;;;;;;
;;;;;;;;;;;;;;;;;;;;;;;;;;;;;;;;;;;;;;
Mean (?);306;144;µm;;?;279;158;;;?;266;134;;;?;199;126;;;?;128;141;;;?;144;136;;;?;98;132;;;?;84;121;
St. Dev. (?);40,00;23,19;µm;;?;25,65;22,07;;;?;28,20;6,37;;;?;25,12;15,49;;;?;25,01;10,44;;;?;15,01;9,41;;;?;10,57;11,46;;;?;17,41;15,09;
Relative St. Dev. (?/?);13,084;16,074;%;;?/?;9,203;13,996;;;?/?;10,607;4,764;;;?/?;12,633;12,295;;;?/?;19,476;7,380;;;?/?;10,424;6,935;;;?/?;10,806;8,698;;;?/?;20,692;12,489;
Aspect ratio (Depth/Width);2,12;;;;D/W;1,77;;;;D/W;1,99;;;;D/W;1,58;;;;D/W;0,91;;;;D/W;1,06;;;;D/W;0,74;;;;D/W;0,70;;
;;;;;;;;;;;;;;;;;;;;;;;;;;;;;;;;;;;;;;
;;;;;;;;;;;;;;;;;;;;;;;;;;;;;;;;;;;;;;
;Power;300;W;;;;;;;;;;;;;;;;;;;;;;;;;;;;;;;;;;;
;;;;;;;;;;;;;;;;;;;;;;;;;;;;;;;;;;;;;;
;Scanning Speed ;400;mm/s;;;Scanning Speed ;500;mm/s;;;Scanning Speed ;600;mm/s;;;Scanning Speed ;700;mm/s;;;Scanning Speed ;800;mm/s;;;Scanning Speed ;900;mm/s;;;Scanning Speed ;1000;mm/s;;;Scanning Speed ;1100;mm/s
;;;;;;;;;;;;;;;;;;;;;;;;;;;;;;;;;;;;;;
;Melt Pool Dimensions;;;;;Melt Pool Dimensions;;;;;Melt Pool Dimensions;;;;;Melt Pool Dimensions;;;;;Melt Pool Dimensions;;;;;Melt Pool Dimensions;;;;;Melt Pool Dimensions;;;;;Melt Pool Dimensions;;
;Depth;Width;;;;Depth;Width;;;;Depth;Width;;;;Depth;Width;;;;Depth;Width;;;;Depth;Width;;;;Depth;Width;;;;Depth;Width;
1;521;180;µm;;1;451;184;µm;;1;445;148;µm;;1;394;148;µm;;1;386;134;µm;;1;314;122;µm;;1;195;128;µm;;1;216;126;µm
2;645;196;µm;;2;498;156;µm;;2;434;130;µm;;2;351;146;µm;;2;336;160;µm;;2;258;120;µm;;2;195;112;µm;;2;215;102;µm
3;548;170;µm;;3;487;162;µm;;3;444;130;µm;;3;398;136;µm;;3;371;130;µm;;3;316;116;µm;;3;212;134;µm;;3;196;106;µm
4;607;166;µm;;4;508;148;µm;;4;433;148;µm;;4;344;140;µm;;4;376;150;µm;;4;342;126;µm;;4;165;114;µm;;4;201;128;µm
5;529;160;µm;;5;481;156;µm;;5;458;156;µm;;5;306;112;µm;;5;384;130;µm;;5;302;128;µm;;5;255;122;µm;;5;181;106;µm
6;564;170;µm;;6;451;154;µm;;6;441;122;µm;;6;401;150;µm;;6;300;134;µm;;6;289;110;µm;;6;295;110;µm;;6;221;108;µm
7;584;154;µm;;7;410;154;µm;;7;461;158;µm;;7;332;184;µm;;7;300;128;µm;;7;314;148;µm;;7;277;122;µm;;7;178;108;µm
;;;;;;;;;;;;;;;;;;;;;;;;;;;;;;;;;;;;;;
;;;;;;;;;;;;;;;;;;;;;;;;;;;;;;;;;;;;;;
;;;;;;;;;;;;;;;;;;;;;;;;;;;;;;;;;;;;;;
;;;;;;;;;;;;;;;;;;;;;;;;;;;;;;;;;;;;;;
Mean (?);571;171;µm;;?;469;159;;;?;445;142;;;?;361;145;;;?;350;138;;;?;305;124;;;?;228;120;;;?;201;112;
St. Dev. (?);44,31;13,80;µm;;?;34,05;11,71;;;?;10,85;14,21;;;?;37,22;21,41;;;?;38,22;12,17;;;?;26,22;12,08;;;?;48,34;8,83;;;?;17,20;10,46;
Relative St. Dev. (?/?);7,759;8,078;%;;?/?;7,254;7,359;;;?/?;2,438;10,027;;;?/?;10,315;14,752;;;?/?;10,906;8,816;;;?/?;8,598;9,719;;;?/?;21,229;7,338;;;?/?;8,551;9,336;
Aspect ratio (Depth/Width);3,34;;;;D/W;2,95;;;;D/W;3,14;;;;D/W;2,49;;;;D/W;2,54;;;;D/W;2,45;;;;D/W;1,89;;;;D/W;1,80;;
;;;;;;;;;;;;;;;;;;;;;;;;;;;;;;;;;;;;;;
;;;;;;;;;;;;;;;;;;;;;;;;;;;;;;;;;;;;;;
;Power;400;W;;;;;;;;;;;;;;;;;;;;;;;;;;;;;;;;;;;
;;;;;;;;;;;;;;;;;;;;;;;;;;;;;;;;;;;;;;
;Scanning Speed ;400;mm/s;;;Scanning Speed ;500;mm/s;;;Scanning Speed ;600;mm/s;;;Scanning Speed ;700;mm/s;;;Scanning Speed ;800;mm/s;;;Scanning Speed ;900;mm/s;;;Scanning Speed ;1000;mm/s;;;Scanning Speed ;1100;mm/s
;;;;;;;;;;;;;;;;;;;;;;;;;;;;;;;;;;;;;;
;Melt Pool Dimensions;;;;;Melt Pool Dimensions;;;;;Melt Pool Dimensions;;;;;Melt Pool Dimensions;;;;;Melt Pool Dimensions;;;;;Melt Pool Dimensions;;;;;Melt Pool Dimensions;;;;;Melt Pool Dimensions;;
;Depth;Width;;;;Depth;Width;;;;Depth;Width;;;;Depth;Width;;;;Depth;Width;;;;Depth;Width;;;;Depth;Width;;;;Depth;Width;
1;787;216;µm;;1;464;210;µm;;1;589;176;µm;;1;455;160;µm;;1;461;134;µm;;1;466;140;µm;;1;358;128;µm;;1;295;106;µm
2;803;176;µm;;2;594;238;µm;;2;596;160;µm;;2;496;146;µm;;2;430;174;µm;;2;389;146;µm;;2;380;126;µm;;2;315;110;µm
3;748;194;µm;;3;572;184;µm;;3;606;220;µm;;3;460;166;µm;;3;460;170;µm;;3;418;128;µm;;3;342;130;µm;;3;308;106;µm
4;687;222;µm;;4;631;176;µm;;4;557;202;µm;;4;481;150;µm;;4;432;148;µm;;4;433;112;µm;;4;332;116;µm;;4;325;116;µm
5;719;174;µm;;5;734;206;µm;;5;574;176;µm;;5;537;146;µm;;5;508;168;µm;;5;402;136;µm;;5;326;126;µm;;5;330;116;µm
6;758;170;µm;;6;643;202;µm;;6;340;176;µm;;6;546;116;µm;;6;397;102;µm;;6;399;142;µm;;6;380;120;µm;;6;346;126;µm
7;746;182;µm;;7;728;188;µm;;7;466;168;µm;;7;503;150;µm;;7;494;134;µm;;7;362;150;µm;;7;380;116;µm;;7;276;120;µm
;;;;;;;;;;;;;;;;;;;;;;;;;;;;;;;;;;;;;;
;;;;;;;;;;;;;;;;;;;;;;;;;;;;;;;;;;;;;;
;;;;;;;;;;;;;;;;;;;;;;;;;;;;;;;;;;;;;;
;;;;;;;;;;;;;;;;;;;;;;;;;;;;;;;;;;;;;;
Mean (?);750;191;µm;;?;624;201;;;?;533;183;;;?;497;148;;;?;455;147;;;?;410;136;;;?;357;123;;;?;314;114;
St. Dev. (?);39,14;20,94;µm;;?;93,57;20,65;;;?;96,98;20,94;;;?;35,18;15,85;;;?;38,53;26,02;;;?;33,31;12,83;;;?;23,80;5,76;;;?;23,24;7,43;
Relative St. Dev. (?/?);5,221;10,986;%;;?/?;15,002;10,294;;;?/?;18,209;11,467;;;?/?;7,081;10,731;;;?/?;8,476;17,685;;;?/?;8,128;9,413;;;?/?;6,670;4,675;;;?/?;7,413;6,503;
Aspect ratio (Depth/Width);3,93;;;;D/W;3,11;;;;D/W;2,92;;;;D/W;3,36;;;;D/W;3,09;;;;D/W;3,01;;;;D/W;2,90;;;;D/W;2,74;;
;;;;;;;;;;;;;;;;;;;;;;;;;;;;;;;;;;;;;;
;;;;;;;;;;;;;;;;;;;;;;;;;;;;;;;;;;;;;;
;Power;500;W;;;;;;;;;;;;;;;;;;;;;;;;;;;;;;;;;;;
;;;;;;;;;;;;;;;;;;;;;;;;;;;;;;;;;;;;;;
;Scanning Speed ;400;mm/s;;;Scanning Speed ;500;mm/s;;;Scanning Speed ;600;mm/s;;;Scanning Speed ;700;mm/s;;;Scanning Speed ;800;mm/s;;;Scanning Speed ;900;mm/s;;;Scanning Speed ;1000;mm/s;;;Scanning Speed ;1100;mm/s
;;;;;;;;;;;;;;;;;;;;;;;;;;;;;;;;;;;;;;
;Melt Pool Dimensions;;;;;Melt Pool Dimensions;;;;;Melt Pool Dimensions;;;;;Melt Pool Dimensions;;;;;Melt Pool Dimensions;;;;;Melt Pool Dimensions;;;;;Melt Pool Dimensions;;;;;Melt Pool Dimensions;;
;Depth;Width;;;;Depth;Width;;;;Depth;Width;;;;Depth;Width;;;;Depth;Width;;;;Depth;Width;;;;Depth;Width;;;;Depth;Width;
1;911;194;µm;;1;848;202;µm;;1;801;160;µm;;1;740;160;µm;;1;615;172;µm;;1;586;126;µm;;1;522;122;µm;;1;306;160;µm
2;914;180;µm;;2;879;168;µm;;2;803;146;µm;;2;791;154;µm;;2;674;120;µm;;2;579;120;µm;;2;502;130;µm;;2;235;156;µm
3;927;194;µm;;3;905;196;µm;;3;777;146;µm;;3;714;154;µm;;3;665;126;µm;;3;635;114;µm;;3;438;150;µm;;3;222;148;µm
4;908;174;µm;;4;868;148;µm;;4;807;176;µm;;4;746;150;µm;;4;669;140;µm;;4;563;134;µm;;4;474;142;µm;;4;313;160;µm
5;951;182;µm;;5;886;196;µm;;5;740;176;µm;;5;777;134;µm;;5;655;142;µm;;5;507;156;µm;;5;458;146;µm;;5;414;128;µm
6;903;208;µm;;6;904;182;µm;;6;862;174;µm;;6;657;160;µm;;6;635;150;µm;;6;538;114;µm;;6;299;146;µm;;6;206;122;µm
7;866;184;µm;;7;911;182;µm;;7;805;168;µm;;7;626;156;µm;;7;623;140;µm;;7;481;114;µm;;7;418;136;µm;;7;317;120;µm
;;;;;;;;;;;;;;;;;;;;;;;;;;;;;;;;;;;;;;
;;;;;;;;;;;;;;;;;;;;;;;;;;;;;;;;;;;;;;
;;;;;;;;;;;;;;;;;;;;;;;;;;;;;;;;;;;;;;
;;;;;;;;;;;;;;;;;;;;;;;;;;;;;;;;;;;;;;
Mean (?);911;188;µm;;?;886;182;;;?;799;164;;;?;722;153;;;?;648;141;;;?;556;125;;;?;444;139;;;?;288;142;
St. Dev. (?);25,70;11,43;µm;;?;22,83;18,90;;;?;36,64;13,34;;;?;60,81;8,92;;;?;23,59;16,88;;;?;51,75;15,44;;;?;73,35;10,06;;;?;72,52;18,07;
Relative St. Dev. (?/?);2,819;6,080;%;;?/?;2,577;10,386;;;?/?;4,584;8,147;;;?/?;8,428;5,848;;;?/?;3,640;11,936;;;?/?;9,315;12,307;;;?/?;16,504;7,243;;;?/?;25,218;12,728;
Aspect ratio (Depth/Width);4,85;;;;D/W;4,87;;;;D/W;4,88;;;;D/W;4,73;;;;D/W;4,58;;;;D/W;4,43;;;;D/W;3,20;;;;D/W;2,03;;
;;;;;;;;;;;;;;;;;;;;;;;;;;;;;;;;;;;;;;
;;;;;;;;;;;;;;;;;;;;;;;;;;;;;;;;;;;;;;
;Power;600;W;;;;;;;;;;;;;;;;;;;;;;;;;;;;;;;;;;;
;;;;;;;;;;;;;;;;;;;;;;;;;;;;;;;;;;;;;;
;Scanning Speed ;400;mm/s;;;Scanning Speed ;500;mm/s;;;Scanning Speed ;600;mm/s;;;Scanning Speed ;700;mm/s;;;Scanning Speed ;800;mm/s;;;Scanning Speed ;900;mm/s;;;Scanning Speed ;1000;mm/s;;;Scanning Speed ;1100;mm/s
;;;;;;;;;;;;;;;;;;;;;;;;;;;;;;;;;;;;;;
;Melt Pool Dimensions;;;;;Melt Pool Dimensions;;;;;Melt Pool Dimensions;;;;;Melt Pool Dimensions;;;;;Melt Pool Dimensions;;;;;Melt Pool Dimensions;;;;;Melt Pool Dimensions;;;;;Melt Pool Dimensions;;
;Depth;Width;;;;Depth;Width;;;;Depth;Width;;;;Depth;Width;;;;Depth;Width;;;;Depth;Width;;;;Depth;Width;;;;Depth;Width;
1;;224;µm;;1;;;µm;;1;900;162;µm;;1;734;150;µm;;1;703;176;µm;;1;646;130;µm;;1;288;250;µm;;1;206;200;µm
2;;220;µm;;2;;;µm;;2;884;174;µm;;2;805;166;µm;;2;755;160;µm;;2;626;146;µm;;2;237;276;µm;;2;165;190;µm
3;;186;µm;;3;;;µm;;3;884;200;µm;;3;785;182;µm;;3;688;122;µm;;3;662;156;µm;;3;381;250;µm;;3;186;222;µm
4;;202;µm;;4;;;µm;;4;883;186;µm;;4;775;146;µm;;4;742;130;µm;;4;600;152;µm;;4;386;260;µm;;4;91;250;µm
5;;182;µm;;5;;;µm;;5;901;170;µm;;5;831;182;µm;;5;523;166;µm;;5;682;120;µm;;5;353;234;µm;;5;470;180;µm
6;;188;µm;;6;;;µm;;6;902;170;µm;;6;814;156;µm;;6;604;166;µm;;6;553;134;µm;;6;315;184;µm;;6;288;196;µm
7;;204;µm;;7;;;µm;;7;913;196;µm;;7;730;148;µm;;7;752;156;µm;;7;691;116;µm;;7;386;126;µm;;7;516;154;µm
;;;;;;;;;;;;;;;;;;;;;;;;;;;;;;;;;;;;;;
;;;;;;;;;;;;;;;;;;;;;;;;;;;;;;;;;;;;;;
;;;;;;;;;;;;;;;;;;;;;;;;;;;;;;;;;;;;;;
;;;;;;;;;;;;;;;;;;;;;;;;;;;;;;;;;;;;;;
Mean (?);#DIV/0!;201;µm;;?;#DIV/0!;#DIV/0!;;;?;895;180;;;?;782;161;;;?;681;154;;;?;637;136;;;?;335;226;;;?;275;199;
St. Dev. (?);#DIV/0!;16,61;µm;;?;#DIV/0!;#DIV/0!;;;?;11,69;14,44;;;?;38,77;15,52;;;?;87,24;20,05;;;?;48,64;15,55;;;?;57,53;52,66;;;?;160,68;30,57;
Relative St. Dev. (?/?);#DIV/0!;8,268;%;;?/?;#DIV/0!;#DIV/0!;;;?/?;1,305;8,036;;;?/?;4,958;9,616;;;?/?;12,810;13,042;;;?/?;7,633;11,412;;;?/?;17,164;23,328;;;?/?;58,521;15,372;
Aspect ratio (Depth/Width);#DIV/0!;;;;D/W;#DIV/0!;;;;D/W;4,98;;;;D/W;4,84;;;;D/W;4,43;;;;D/W;4,68;;;;D/W;1,48;;;;D/W;1,38;;
;;;;;;;;;;;;;;;;;;;;;;;;;;;;;;;;;;;;;;
;;;;;;;;;;;;;;;;;;;;;;;;;;;;;;;;;;;;;;
;;;;;;;;;;;;;;;;;;;;;;;;;;;;;;;;;;;;;;
