case,spot_label,P_W,eta,V_m_s,d_m,r0_m,k_W_mK,rho_kg_m3,cp_J_kgK,alpha_m2_s,Tv_minus_T0_K,Lv_J_m3,Tl_minus_T0_K,Lm_J_m3,e_m,length_um,tan_theta,locator,digitized
gan21-d1-ti64-01,"Ti64, spot size 95 um",103.198,0.44204610878248723,0.4,9.5e-05,4.75e-05,33.4,3920,830,1.0265552003934103e-05,3267,9255000,1630,286000,3.3007999999999966e-05,27,1.5311713410118553,"Supplementary Data 1, sheet Sheet1, row 2 (Ti-6Al-4V block 'Ti64, spot size 95 um')",false
gan21-d1-ti64-02,"Ti64, spot size 95 um",129.36,0.49972342414272736,0.4,9.5e-05,4.75e-05,33.4,3920,830,1.0265552003934103e-05,3267,9255000,1630,286000,8.53234e-05,107,1.6527351468664437,"Supplementary Data 1, sheet Sheet1, row 3 (Ti-6Al-4V block 'Ti64, spot size 95 um')",false
gan21-d1-ti64-03,"Ti64, spot size 95 um",155.523,0.5445058586499527,0.4,9.5e-05,4.75e-05,33.4,3920,830,1.0265552003934103e-05,3267,9255000,1630,286000,0.00013038900000000001,107,2.256151058656699,"Supplementary Data 1, sheet Sheet1, row 4 (Ti-6Al-4V block 'Ti64, spot size 95 um')",false
gan21-d1-ti64-04,"Ti64, spot size 95 um",206.395,0.6049416375958869,0.4,9.5e-05,4.75e-05,33.4,3920,830,1.0265552003934103e-05,3267,9255000,1630,286000,0.000226766,67,3.763994544737925,"Supplementary Data 1, sheet Sheet1, row 5 (Ti-6Al-4V block 'Ti64, spot size 95 um')",false
gan21-d1-ti64-05,"Ti64, spot size 95 um",228.198,0.6230175984790581,0.4,9.5e-05,4.75e-05,33.4,3920,830,1.0265552003934103e-05,3267,9255000,1630,286000,0.00025932,160,4.78024102789634,"Supplementary Data 1, sheet Sheet1, row 6 (Ti-6Al-4V block 'Ti64, spot size 95 um')",false
gan21-d1-ti64-06,"Ti64, spot size 95 um",103.198,0.34020035068829346,0.6,9.5e-05,4.75e-05,33.4,3920,830,1.0265552003934103e-05,3267,9255000,1630,286000,1.5257999999999999e-05,,0.6461597833769012,"Supplementary Data 1, sheet Sheet1, row 7 (Ti-6Al-4V block 'Ti64, spot size 95 um')",false
gan21-d1-ti64-07,"Ti64, spot size 95 um",155.523,0.4432510357252303,0.6,9.5e-05,4.75e-05,33.4,3920,830,1.0265552003934103e-05,3267,9255000,1630,286000,7.66388e-05,147,1.9196418047668429,"Supplementary Data 1, sheet Sheet1, row 8 (Ti-6Al-4V block 'Ti64, spot size 95 um')",false
gan21-d1-ti64-08,"Ti64, spot size 95 um",181.686,0.4831141183360974,0.6,9.5e-05,4.75e-05,33.4,3920,830,1.0265552003934103e-05,3267,9255000,1630,286000,0.00010295399999999998,195,1.990005737016467,"Supplementary Data 1, sheet Sheet1, row 9 (Ti-6Al-4V block 'Ti64, spot size 95 um')",false
gan21-d1-ti64-09,"Ti64, spot size 95 um",207.849,0.5167880217238686,0.6,9.5e-05,4.75e-05,33.4,3920,830,1.0265552003934103e-05,3267,9255000,1630,286000,0.00011926999999999999,147,2.480609304964464,"Supplementary Data 1, sheet Sheet1, row 10 (Ti-6Al-4V block 'Ti64, spot size 95 um')",false
gan21-d1-ti64-10,"Ti64, spot size 95 um",260.174,0.569262002464109,0.6,9.5e-05,4.75e-05,33.4,3920,830,1.0265552003934103e-05,3267,9255000,1630,286000,0.0001694,146,3.4872861179090866,"Supplementary Data 1, sheet Sheet1, row 11 (Ti-6Al-4V block 'Ti64, spot size 95 um')",false
gan21-d1-ti64-11,"Ti64, spot size 95 um",286.337,0.5895605053650794,0.6,9.5e-05,4.75e-05,33.4,3920,830,1.0265552003934103e-05,3267,9255000,1630,286000,0.000204466,170,3.4617974264911693,"Supplementary Data 1, sheet Sheet1, row 12 (Ti-6Al-4V block 'Ti64, spot size 95 um')",false
gan21-d1-ti64-12,"Ti64, spot size 95 um",363.372,0.6328007347641024,0.6,9.5e-05,4.75e-05,33.4,3920,830,1.0265552003934103e-05,3267,9255000,1630,286000,0.000310908,120,5.681583835663349,"Supplementary Data 1, sheet Sheet1, row 13 (Ti-6Al-4V block 'Ti64, spot size 95 um')",false
gan21-d1-ti64-13,"Ti64, spot size 95 um",415.698,0.652047672880209,0.6,9.5e-05,4.75e-05,33.4,3920,830,1.0265552003934103e-05,3267,9255000,1630,286000,0.00036103899999999996,133,6.114723064897047,"Supplementary Data 1, sheet Sheet1, row 14 (Ti-6Al-4V block 'Ti64, spot size 95 um')",false
gan21-d1-ti64-14,"Ti64, spot size 95 um",468.023,0.6657817611936991,0.6,9.5e-05,4.75e-05,33.4,3920,830,1.0265552003934103e-05,3267,9255000,1630,286000,0.00039992,120,7.516255147483895,"Supplementary Data 1, sheet Sheet1, row 15 (Ti-6Al-4V block 'Ti64, spot size 95 um')",false
gan21-d1-ti64-15,"Ti64, spot size 95 um",103.198,0.3043130026384073,0.7,9.5e-05,4.75e-05,33.4,3920,830,1.0265552003934103e-05,3267,9255000,1630,286000,1.5257999999999999e-05,,1.105307118643896,"Supplementary Data 1, sheet Sheet1, row 16 (Ti-6Al-4V block 'Ti64, spot size 95 um')",false
gan21-d1-ti64-16,"Ti64, spot size 95 um",155.523,0.4036972045279662,0.7,9.5e-05,4.75e-05,33.4,3920,830,1.0265552003934103e-05,3267,9255000,1630,286000,6.16388e-05,147,1.3776924969922089,"Supplementary Data 1, sheet Sheet1, row 17 (Ti-6Al-4V block 'Ti64, spot size 95 um')",false
gan21-d1-ti64-17,"Ti64, spot size 95 um",207.849,0.47812042883118583,0.7,9.5e-05,4.75e-05,33.4,3920,830,1.0265552003934103e-05,3267,9255000,1630,286000,0.00011677,180,1.9977545121143205,"Supplementary Data 1, sheet Sheet1, row 18 (Ti-6Al-4V block 'Ti64, spot size 95 um')",false
gan21-d1-ti64-18,"Ti64, spot size 95 um",260.174,0.5338496396550101,0.7,9.5e-05,4.75e-05,33.4,3920,830,1.0265552003934103e-05,3267,9255000,1630,286000,0.0001644,173,2.8452499221339607,"Supplementary Data 1, sheet Sheet1, row 19 (Ti-6Al-4V block 'Ti64, spot size 95 um')",false
gan21-d1-ti64-19,"Ti64, spot size 95 um",311.047,0.5745787695833345,0.7,9.5e-05,4.75e-05,33.4,3920,830,1.0265552003934103e-05,3267,9255000,1630,286000,0.00021952799999999998,127,3.975902842636226,"Supplementary Data 1, sheet Sheet1, row 20 (Ti-6Al-4V block 'Ti64, spot size 95 um')",false
gan21-d1-ti64-20,"Ti64, spot size 95 um",364.826,0.6068325035564754,0.7,9.5e-05,4.75e-05,33.4,3920,830,1.0265552003934103e-05,3267,9255000,1630,286000,0.00025716199999999996,130,4.237505838970568,"Supplementary Data 1, sheet Sheet1, row 21 (Ti-6Al-4V block 'Ti64, spot size 95 um')",false
gan21-d1-ti64-21,"Ti64, spot size 95 um",417.151,0.6302332656179753,0.7,9.5e-05,4.75e-05,33.4,3920,830,1.0265552003934103e-05,3267,9255000,1630,286000,0.00030754299999999953,129,5.046378906545873,"Supplementary Data 1, sheet Sheet1, row 22 (Ti-6Al-4V block 'Ti64, spot size 95 um')",false
gan21-d1-ti64-22,"Ti64, spot size 95 um",468.023,0.6473351847101567,0.7,9.5e-05,4.75e-05,33.4,3920,830,1.0265552003934103e-05,3267,9255000,1630,286000,0.00035141999999999986,135,5.829269963935728,"Supplementary Data 1, sheet Sheet1, row 23 (Ti-6Al-4V block 'Ti64, spot size 95 um')",false
gan21-d1-ti64-23,"Ti64, spot size 95 um",518.895,0.6602449104995242,0.7,9.5e-05,4.75e-05,33.4,3920,830,1.0265552003934103e-05,3267,9255000,1630,286000,0.000445047,134,8.256051017153347,"Supplementary Data 1, sheet Sheet1, row 24 (Ti-6Al-4V block 'Ti64, spot size 95 um')",false
gan21-d1-ti64-24,"Ti64, spot size 95 um",158.43,0.34577664673794345,0.9,9.5e-05,4.75e-05,33.4,3920,830,1.0265552003934103e-05,3267,9255000,1630,286000,6.21076e-05,160,1.2772508731694825,"Supplementary Data 1, sheet Sheet1, row 25 (Ti-6Al-4V block 'Ti64, spot size 95 um')",false
gan21-d1-ti64-25,"Ti64, spot size 95 um",209.302,0.41536462243635214,0.9,9.5e-05,4.75e-05,33.4,3920,830,1.0265552003934103e-05,3267,9255000,1630,286000,9.94804e-05,200,2.2861302086760613,"Supplementary Data 1, sheet Sheet1, row 26 (Ti-6Al-4V block 'Ti64, spot size 95 um')",false
gan21-d1-ti64-26,"Ti64, spot size 95 um",261.628,0.47270721303929525,0.9,9.5e-05,4.75e-05,33.4,3920,830,1.0265552003934103e-05,3267,9255000,1630,286000,0.00014935,174,3.1961397067284625,"Supplementary Data 1, sheet Sheet1, row 27 (Ti-6Al-4V block 'Ti64, spot size 95 um')",false
gan21-d1-ti64-27,"Ti64, spot size 95 um",312.5,0.5173593930544952,0.9,9.5e-05,4.75e-05,33.4,3920,830,1.0265552003934103e-05,3267,9255000,1630,286000,0.000171722,214,3.7033796211303276,"Supplementary Data 1, sheet Sheet1, row 28 (Ti-6Al-4V block 'Ti64, spot size 95 um')",false
gan21-d1-ti64-28,"Ti64, spot size 95 um",366.279,0.5550623976231518,0.9,9.5e-05,4.75e-05,33.4,3920,830,1.0265552003934103e-05,3267,9255000,1630,286000,0.00023783799999999998,214,4.106987241562815,"Supplementary Data 1, sheet Sheet1, row 29 (Ti-6Al-4V block 'Ti64, spot size 95 um')",false
gan21-d1-ti64-29,"Ti64, spot size 95 um",417.151,0.583535716107391,0.9,9.5e-05,4.75e-05,33.4,3920,830,1.0265552003934103e-05,3267,9255000,1630,286000,0.000261461,200,4.471541905797599,"Supplementary Data 1, sheet Sheet1, row 30 (Ti-6Al-4V block 'Ti64, spot size 95 um')",false
gan21-d1-ti64-30,"Ti64, spot size 95 um",469.477,0.6069985892339947,0.9,9.5e-05,4.75e-05,33.4,3920,830,1.0265552003934103e-05,3267,9255000,1630,286000,0.0003373300000000002,307,5.856347423987281,"Supplementary Data 1, sheet Sheet1, row 31 (Ti-6Al-4V block 'Ti64, spot size 95 um')",false
gan21-d1-ti64-31,"Ti64, spot size 95 um",521.802,0.6257343169765892,0.9,9.5e-05,4.75e-05,33.4,3920,830,1.0265552003934103e-05,3267,9255000,1630,286000,0.000373699,210,6.240347551619607,"Supplementary Data 1, sheet Sheet1, row 32 (Ti-6Al-4V block 'Ti64, spot size 95 um')",false
gan21-d1-ti64-32,"Ti64, spot size 95 um",207.849,0.3868073694703721,1,9.5e-05,4.75e-05,33.4,3920,830,1.0265552003934103e-05,3267,9255000,1630,286000,8.573399999999999e-05,214,2.31616675495469,"Supplementary Data 1, sheet Sheet1, row 33 (Ti-6Al-4V block 'Ti64, spot size 95 um')",false
gan21-d1-ti64-33,"Ti64, spot size 95 um",312.5,0.4910956845414675,1,9.5e-05,4.75e-05,33.4,3920,830,1.0265552003934103e-05,3267,9255000,1630,286000,0.000174222,193,3.420746863295403,"Supplementary Data 1, sheet Sheet1, row 34 (Ti-6Al-4V block 'Ti64, spot size 95 um')",false
gan21-d1-ti64-34,"Ti64, spot size 95 um",363.372,0.5284234501027526,1,9.5e-05,4.75e-05,33.4,3920,830,1.0265552003934103e-05,3267,9255000,1630,286000,0.00020784499999999999,197,3.5256522704717086,"Supplementary Data 1, sheet Sheet1, row 35 (Ti-6Al-4V block 'Ti64, spot size 95 um')",false
gan21-d1-ti64-35,"Ti64, spot size 95 um",415.698,0.5598719659741884,1,9.5e-05,4.75e-05,33.4,3920,830,1.0265552003934103e-05,3267,9255000,1630,286000,0.000223964,210,4.629337108267144,"Supplementary Data 1, sheet Sheet1, row 36 (Ti-6Al-4V block 'Ti64, spot size 95 um')",false
gan21-d1-ti64-36,"Ti64, spot size 95 um",469.477,0.5861978709959457,1,9.5e-05,4.75e-05,33.4,3920,830,1.0265552003934103e-05,3267,9255000,1630,286000,0.00029132999999999996,220,5.145649568050967,"Supplementary Data 1, sheet Sheet1, row 37 (Ti-6Al-4V block 'Ti64, spot size 95 um')",false
gan21-d1-ti64-37,"Ti64, spot size 95 um",521.802,0.6070564694265312,1,9.5e-05,4.75e-05,33.4,3920,830,1.0265552003934103e-05,3267,9255000,1630,286000,0.000308699,266,5.394366896546687,"Supplementary Data 1, sheet Sheet1, row 38 (Ti-6Al-4V block 'Ti64, spot size 95 um')",false
gan21-d1-ti64-38,"Ti64, spot size 95 um",209.302,0.3647682924450574,1.1,9.5e-05,4.75e-05,33.4,3920,830,1.0265552003934103e-05,3267,9255000,1630,286000,7.94804e-05,250,1.8397755414299657,"Supplementary Data 1, sheet Sheet1, row 39 (Ti-6Al-4V block 'Ti64, spot size 95 um')",false
gan21-d1-ti64-39,"Ti64, spot size 95 um",312.5,0.4668215678951425,1.1,9.5e-05,4.75e-05,33.4,3920,830,1.0265552003934103e-05,3267,9255000,1630,286000,0.000145472,235,2.674368778295878,"Supplementary Data 1, sheet Sheet1, row 40 (Ti-6Al-4V block 'Ti64, spot size 95 um')",false
gan21-d1-ti64-40,"Ti64, spot size 95 um",418.605,0.5394572822393159,1.1,9.5e-05,4.75e-05,33.4,3920,830,1.0265552003934103e-05,3267,9255000,1630,286000,0.000231457,320,4.463398979310899,"Supplementary Data 1, sheet Sheet1, row 41 (Ti-6Al-4V block 'Ti64, spot size 95 um')",false
gan21-d1-ti64-41,"Ti64, spot size 95 um",521.802,0.5883302800578634,1.1,9.5e-05,4.75e-05,33.4,3920,830,1.0265552003934103e-05,3267,9255000,1630,286000,0.000283699,414,5.625423932415641,"Supplementary Data 1, sheet Sheet1, row 42 (Ti-6Al-4V block 'Ti64, spot size 95 um')",false
gan21-d1-ti64-42,"Ti64, spot size 95 um",156.977,0.2780439811286663,1.2,9.5e-05,4.75e-05,33.4,3920,830,1.0265552003934103e-05,3267,9255000,1630,286000,3.46112e-05,,1.2738692265332276,"Supplementary Data 1, sheet Sheet1, row 43 (Ti-6Al-4V block 'Ti64, spot size 95 um')",false
gan21-d1-ti64-43,"Ti64, spot size 95 um",209.302,0.343556115080629,1.2,9.5e-05,4.75e-05,33.4,3920,830,1.0265552003934103e-05,3267,9255000,1630,286000,7.82304e-05,306,1.295780973326345,"Supplementary Data 1, sheet Sheet1, row 44 (Ti-6Al-4V block 'Ti64, spot size 95 um')",false
gan21-d1-ti64-44,"Ti64, spot size 95 um",260.174,0.39748289589657304,1.2,9.5e-05,4.75e-05,33.4,3920,830,1.0265552003934103e-05,3267,9255000,1630,286000,9.56032e-05,373,2.5517442511462476,"Supplementary Data 1, sheet Sheet1, row 45 (Ti-6Al-4V block 'Ti64, spot size 95 um')",false
gan21-d1-ti64-45,"Ti64, spot size 95 um",313.953,0.4456464914533147,1.2,9.5e-05,4.75e-05,33.4,3920,830,1.0265552003934103e-05,3267,9255000,1630,286000,0.000135469,279,2.258165895274227,"Supplementary Data 1, sheet Sheet1, row 46 (Ti-6Al-4V block 'Ti64, spot size 95 um')",false
gan21-d1-ti64-46,"Ti64, spot size 95 um",364.826,0.48412860491292836,1.2,9.5e-05,4.75e-05,33.4,3920,830,1.0265552003934103e-05,3267,9255000,1630,286000,0.000161592,319,3.41208768527203,"Supplementary Data 1, sheet Sheet1, row 47 (Ti-6Al-4V block 'Ti64, spot size 95 um')",false
gan21-d1-ti64-47,"Ti64, spot size 95 um",469.477,0.5459571083743388,1.2,9.5e-05,4.75e-05,33.4,3920,830,1.0265552003934103e-05,3267,9255000,1630,286000,0.00021633000000000004,400,3.8789515641107446,"Supplementary Data 1, sheet Sheet1, row 48 (Ti-6Al-4V block 'Ti64, spot size 95 um')",false
gan21-d1-ti64-48,"Ti64, spot size 95 um",520.349,0.5692624240338579,1.2,9.5e-05,4.75e-05,33.4,3920,830,1.0265552003934103e-05,3267,9255000,1630,286000,0.00027120299999999997,526,4.478777203920207,"Supplementary Data 1, sheet Sheet1, row 49 (Ti-6Al-4V block 'Ti64, spot size 95 um')",false
gan21-d1-ti64-49,"Ti6, spot size 140 um",129.36,0.30658287300902787,0.4,0.00014,7e-05,33.4,3920,830,1.0265552003934103e-05,3267,9255000,1630,286000,2.3426600000000004e-05,,1.1523260082048496,"Supplementary Data 1, sheet Sheet1, row 50 (Ti-6Al-4V block 'Ti6, spot size 140 um')",false
gan21-d1-ti64-50,"Ti6, spot size 140 um",154.07,0.3475867920444795,0.4,0.00014,7e-05,33.4,3920,830,1.0265552003934103e-05,3267,9255000,1630,286000,2.7114799999999997e-05,,0.823397816849859,"Supplementary Data 1, sheet Sheet1, row 51 (Ti-6Al-4V block 'Ti6, spot size 140 um')",false
gan21-d1-ti64-51,"Ti6, spot size 140 um",168.605,0.3696803117157682,0.4,0.00014,7e-05,33.4,3920,830,1.0265552003934103e-05,3267,9255000,1630,286000,2.95785e-05,,0.6771546442688746,"Supplementary Data 1, sheet Sheet1, row 52 (Ti-6Al-4V block 'Ti6, spot size 140 um')",false
gan21-d1-ti64-52,"Ti6, spot size 140 um",180.233,0.38635361480164737,0.4,0.00014,7e-05,33.4,3920,830,1.0265552003934103e-05,3267,9255000,1630,286000,5.20494e-05,,1.3552672506897747,"Supplementary Data 1, sheet Sheet1, row 53 (Ti-6Al-4V block 'Ti6, spot size 140 um')",false
gan21-d1-ti64-53,"Ti6, spot size 140 um",194.767,0.406015451932131,0.4,0.00014,7e-05,33.4,3920,830,1.0265552003934103e-05,3267,9255000,1630,286000,5.20131e-05,,1.1600052361965991,"Supplementary Data 1, sheet Sheet1, row 54 (Ti-6Al-4V block 'Ti6, spot size 140 um')",false
gan21-d1-ti64-54,"Ti6, spot size 140 um",207.849,0.4226567553915266,0.4,0.00014,7e-05,33.4,3920,830,1.0265552003934103e-05,3267,9255000,1630,286000,8.19804e-05,,1.2526526456699871,"Supplementary Data 1, sheet Sheet1, row 55 (Ti-6Al-4V block 'Ti6, spot size 140 um')",false
gan21-d1-ti64-55,"Ti6, spot size 140 um",234.012,0.4531655903725117,0.4,0.00014,7e-05,33.4,3920,830,1.0265552003934103e-05,3267,9255000,1630,286000,0.000109415,,1.8939496278095564,"Supplementary Data 1, sheet Sheet1, row 56 (Ti-6Al-4V block 'Ti6, spot size 140 um')",false
gan21-d1-ti64-56,"Ti6, spot size 140 um",258.721,0.47889093373422026,0.4,0.00014,7e-05,33.4,3920,830,1.0265552003934103e-05,3267,9255000,1630,286000,0.000146853,,1.8532145753070788,"Supplementary Data 1, sheet Sheet1, row 57 (Ti-6Al-4V block 'Ti6, spot size 140 um')",false
gan21-d1-ti64-57,"Ti6, spot size 140 um",155.523,0.26,0.7,0.00014,7e-05,33.4,3920,830,1.0265552003934103e-05,3267,9255000,1630,286000,1.46112e-05,,1.10462804997377,"Supplementary Data 1, sheet Sheet1, row 58 (Ti-6Al-4V block 'Ti6, spot size 140 um')",false
gan21-d1-ti64-58,"Ti6, spot size 140 um",207.849,0.28758183648642816,0.7,0.00014,7e-05,33.4,3920,830,1.0265552003934103e-05,3267,9255000,1630,286000,3.32304e-05,,1.0520741585842317,"Supplementary Data 1, sheet Sheet1, row 59 (Ti-6Al-4V block 'Ti6, spot size 140 um')",false
gan21-d1-ti64-59,"Ti6, spot size 140 um",232.558,0.3127209687366344,0.7,0.00014,7e-05,33.4,3920,830,1.0265552003934103e-05,3267,9255000,1630,286000,4.4418599999999995e-05,,1.3356194793044325,"Supplementary Data 1, sheet Sheet1, row 60 (Ti-6Al-4V block 'Ti6, spot size 140 um')",false
gan21-d1-ti64-60,"Ti6, spot size 140 um",258.721,0.33767116034132205,0.7,0.00014,7e-05,33.4,3920,830,1.0265552003934103e-05,3267,9255000,1630,286000,5.93532e-05,,0.8144423555141297,"Supplementary Data 1, sheet Sheet1, row 61 (Ti-6Al-4V block 'Ti6, spot size 140 um')",false
gan21-d1-ti64-61,"Ti6, spot size 140 um",284.884,0.3610139526012017,0.7,0.00014,7e-05,33.4,3920,830,1.0265552003934103e-05,3267,9255000,1630,286000,6.80378e-05,,1.5468969228748586,"Supplementary Data 1, sheet Sheet1, row 62 (Ti-6Al-4V block 'Ti6, spot size 140 um')",false
gan21-d1-ti64-62,"Ti6, spot size 140 um",311.047,0.38285290113999865,0.7,0.00014,7e-05,33.4,3920,830,1.0265552003934103e-05,3267,9255000,1630,286000,7.297239999999999e-05,,1.061304235971578,"Supplementary Data 1, sheet Sheet1, row 63 (Ti-6Al-4V block 'Ti6, spot size 140 um')",false
gan21-d1-ti64-63,"Ti6, spot size 140 um",363.372,0.4223998552678173,0.7,0.00014,7e-05,33.4,3920,830,1.0265552003934103e-05,3267,9255000,1630,286000,0.00010909199999999998,,1.7270451280694887,"Supplementary Data 1, sheet Sheet1, row 64 (Ti-6Al-4V block 'Ti6, spot size 140 um')",false
gan21-d1-ti64-64,"Ti6, spot size 140 um",417.151,0.45791306384531927,0.7,0.00014,7e-05,33.4,3920,830,1.0265552003934103e-05,3267,9255000,1630,286000,0.000138957,,1.7922405316390448,"Supplementary Data 1, sheet Sheet1, row 65 (Ti-6Al-4V block 'Ti6, spot size 140 um')",false
gan21-d1-ti64-65,"Ti6, spot size 140 um",520.349,0.5138365953156262,0.7,0.00014,7e-05,33.4,3920,830,1.0265552003934103e-05,3267,9255000,1630,286000,0.000209949,,2.9606369481070693,"Supplementary Data 1, sheet Sheet1, row 66 (Ti-6Al-4V block 'Ti6, spot size 140 um')",false
gan21-d1-ti64-66,"Ti6, spot size 140 um",207.849,0.26,1,0.00014,7e-05,33.4,3920,830,1.0265552003934103e-05,3267,9255000,1630,286000,1.8230399999999994e-05,,0.5205321609165272,"Supplementary Data 1, sheet Sheet1, row 67 (Ti-6Al-4V block 'Ti6, spot size 140 um')",false
gan21-d1-ti64-67,"Ti6, spot size 140 um",234.012,0.26,1,0.00014,7e-05,33.4,3920,830,1.0265552003934103e-05,3267,9255000,1630,286000,2.3165e-05,,0.4739169597791796,"Supplementary Data 1, sheet Sheet1, row 68 (Ti-6Al-4V block 'Ti6, spot size 140 um')",false
gan21-d1-ti64-68,"Ti6, spot size 140 um",258.721,0.26,1,0.00014,7e-05,33.4,3920,830,1.0265552003934103e-05,3267,9255000,1630,286000,3.68532e-05,,0.4754427604237787,"Supplementary Data 1, sheet Sheet1, row 69 (Ti-6Al-4V block 'Ti6, spot size 140 um')",false
gan21-d1-ti64-69,"Ti6, spot size 140 um",284.884,0.2786367179171205,1,0.00014,7e-05,33.4,3920,830,1.0265552003934103e-05,3267,9255000,1630,286000,3.67878e-05,,0.9469992993043637,"Supplementary Data 1, sheet Sheet1, row 70 (Ti-6Al-4V block 'Ti6, spot size 140 um')",false
gan21-d1-ti64-70,"Ti6, spot size 140 um",312.5,0.29886772156878466,1,0.00014,7e-05,33.4,3920,830,1.0265552003934103e-05,3267,9255000,1630,286000,5.046869999999999e-05,,1.0897384203481657,"Supplementary Data 1, sheet Sheet1, row 71 (Ti-6Al-4V block 'Ti6, spot size 140 um')",false
gan21-d1-ti64-71,"Ti6, spot size 140 um",363.372,0.3336272251778877,1,0.00014,7e-05,33.4,3920,830,1.0265552003934103e-05,3267,9255000,1630,286000,7.40916e-05,,0.9849658272258094,"Supplementary Data 1, sheet Sheet1, row 72 (Ti-6Al-4V block 'Ti6, spot size 140 um')",false
