sample,power_W,speed_mm_s,source_width,source_depth,sample_count
1,100.0,400.0,113.7142857,142.7142857,4
2,100.0,500.0,103.4285714,95.85714286,4
3,100.0,600.0,95.14285714,60.0,33
4,100.0,700.0,92.57142857,53.85714286,22
5,100.0,800.0,73.14285714,27.42857143,37
6,100.0,900.0,65.42857143,22.57142857,
7,100.0,1000.0,,,
8,100.0,1100.0,,,4
9,200.0,400.0,183.4285714,299.7142857,4
10,200.0,500.0,151.1428571,258.7142857,33
11,200.0,600.0,165.1428571,214.7142857,22
12,200.0,700.0,145.1428571,185.8571429,37
13,200.0,800.0,144.2857143,152.0,
14,200.0,900.0,123.1428571,123.1428571,
15,200.0,1000.0,110.5714286,107.7142857,
16,200.0,1100.0,102.5714286,82.85714286,
17,300.0,400.0,193.4285714,539.1428571,
18,300.0,500.0,176.8571429,490.4285714,
19,300.0,600.0,164.5714286,368.0,
20,300.0,700.0,160.2857143,329.7142857,
21,300.0,800.0,144.2857143,296.7142857,
22,300.0,900.0,139.4285714,294.0,
23,300.0,1000.0,129.1428571,220.0,
24,300.0,1100.0,134.0,154.2857143,
25,400.0,400.0,184.0,750.0,
26,400.0,500.0,207.4285714,672.4285714,
27,400.0,600.0,207.4285714,554.2857143,
28,400.0,700.0,196.2857143,508.7142857,
29,400.0,800.0,182.2857143,419.7142857,
30,400.0,900.0,158.8571429,371.2857143,
31,400.0,1000.0,156.8571429,234.0,
32,400.0,1100.0,,,
33,500.0,400.0,264.0,951.8571429,
34,500.0,500.0,,,
35,500.0,600.0,181.7142857,749.2857143,
36,500.0,700.0,180.5714286,709.0,
37,500.0,800.0,150.0,630.7142857,
38,500.0,900.0,165.7142857,554.5714286,
39,500.0,1000.0,124.8571429,523.0,
40,500.0,1100.0,113.7142857,425.8571429,
41,600.0,400.0,276.0,1158.714286,
42,600.0,500.0,,1104.428571,
43,600.0,600.0,,920.1428571,
44,600.0,700.0,,803.7142857,
45,600.0,800.0,,732.2857143,
46,600.0,900.0,151.7142857,657.4285714,
47,600.0,1000.0,,538.5714286,
48,600.0,1100.0,,457.5714286,
