dataset,source_file,source_row,slice,orientation_deg,power_W,speed_mm_s,width_um,depth_um,cap_um
cmu-ti64-st-2026,STMeasurements.csv,2,1,0.0,,1300.0,147.4782,148.0224,19.954
cmu-ti64-st-2026,STMeasurements.csv,3,1,0.0,,1350.0,132.2406,139.8594,18.7749
cmu-ti64-st-2026,STMeasurements.csv,4,1,0.0,,1400.0,136.05,128.4312,22.5843
cmu-ti64-st-2026,STMeasurements.csv,5,1,0.0,,1450.0,135.8686,115.4611,25.5774
cmu-ti64-st-2026,STMeasurements.csv,6,1,0.0,,1500.0,148.5666,78.0927,34.0125
cmu-ti64-st-2026,STMeasurements.csv,7,1,0.0,,1550.0,141.7641,79.9974,32.3799
cmu-ti64-st-2026,STMeasurements.csv,8,1,0.0,,1600.0,144.7572,63.6714,34.2846
cmu-ti64-st-2026,STMeasurements.csv,9,1,0.0,,1650.0,144.4851,67.4808,30.4752
cmu-ti64-st-2026,STMeasurements.csv,10,1,0.0,,1700.0,140.6757,71.0181,20.9517
cmu-ti64-st-2026,STMeasurements.csv,11,1,90.0,,1300.0,135.5965,156.2761,17.1423
cmu-ti64-st-2026,STMeasurements.csv,12,1,90.0,,1350.0,143.6688,146.3898,21.768
cmu-ti64-st-2026,STMeasurements.csv,13,1,90.0,,1400.0,131.4243,140.6757,25.5774
cmu-ti64-st-2026,STMeasurements.csv,14,1,90.0,,1450.0,137.1384,111.2889,26.6658
cmu-ti64-st-2026,STMeasurements.csv,15,1,90.0,,1500.0,142.8525,97.956,36.1893
cmu-ti64-st-2026,STMeasurements.csv,16,1,90.0,,1550.0,139.8594,106.6632,50.3385
cmu-ti64-st-2026,STMeasurements.csv,17,1,90.0,,1600.0,134.1453,97.2304,33.1962
cmu-ti64-st-2026,STMeasurements.csv,18,1,90.0,,1650.0,136.8663,87.3441,38.094
cmu-ti64-st-2026,STMeasurements.csv,19,1,90.0,,1700.0,146.3898,116.1867,67.4808
cmu-ti64-st-2026,STMeasurements.csv,20,1,180.0,,1300.0,193.4631,40.815,37.8219
cmu-ti64-st-2026,STMeasurements.csv,21,1,180.0,,1350.0,179.0418,46.8012,53.6037
cmu-ti64-st-2026,STMeasurements.csv,22,1,180.0,,1400.0,175.7766,73.7391,50.3385
cmu-ti64-st-2026,STMeasurements.csv,23,1,180.0,,1450.0,162.1716,67.7529,59.0457
cmu-ti64-st-2026,STMeasurements.csv,24,1,180.0,,1500.0,122.1729,68.2971,37.2777
cmu-ti64-st-2026,STMeasurements.csv,25,1,180.0,,1550.0,177.4092,42.4476,35.1009
cmu-ti64-st-2026,STMeasurements.csv,26,1,180.0,,1600.0,187.4769,36.7335,25.0332
cmu-ti64-st-2026,STMeasurements.csv,27,1,180.0,,1650.0,175.7766,48.4338,48.4338
cmu-ti64-st-2026,STMeasurements.csv,28,1,180.0,,1700.0,141.2199,69.1134,43.8081
cmu-ti64-st-2026,STMeasurements.csv,29,1,270.0,,1300.0,133.6011,142.0362,16.326
cmu-ti64-st-2026,STMeasurements.csv,30,1,270.0,,1350.0,138.4989,148.2945,16.0539
cmu-ti64-st-2026,STMeasurements.csv,31,1,270.0,,1400.0,142.8525,126.1637,20.9517
cmu-ti64-st-2026,STMeasurements.csv,32,1,270.0,,1450.0,141.7641,114.5541,24.7611
cmu-ti64-st-2026,STMeasurements.csv,33,1,270.0,,1500.0,143.3967,118.0914,51.4269
cmu-ti64-st-2026,STMeasurements.csv,34,1,270.0,,1550.0,145.8456,93.0582,51.4269
cmu-ti64-st-2026,STMeasurements.csv,35,1,270.0,,1600.0,131.6964,115.9146,68.5692
cmu-ti64-st-2026,STMeasurements.csv,36,1,270.0,,1650.0,133.329,103.1259,49.2501
cmu-ti64-st-2026,STMeasurements.csv,37,1,270.0,,1700.0,133.329,97.6839,57.4131
cmu-ti64-st-2026,STMeasurements.csv,38,1,45.0,,1300.0,168.8834,109.3842,22.5843
cmu-ti64-st-2026,STMeasurements.csv,39,1,45.0,,1350.0,138.8617,144.5758,42.7197
cmu-ti64-st-2026,STMeasurements.csv,40,1,45.0,,1400.0,143.3967,134.1453,56.8689
cmu-ti64-st-2026,STMeasurements.csv,41,1,45.0,,1450.0,122.9892,139.2245,45.9849
cmu-ti64-st-2026,STMeasurements.csv,42,1,45.0,,1500.0,135.3244,139.8594,54.42
cmu-ti64-st-2026,STMeasurements.csv,43,1,45.0,,1550.0,111.2889,132.6941,37.0056
cmu-ti64-st-2026,STMeasurements.csv,44,1,45.0,,1600.0,114.6448,122.3543,29.3868
cmu-ti64-st-2026,STMeasurements.csv,45,1,45.0,,1650.0,141.4013,71.5623,43.536
cmu-ti64-st-2026,STMeasurements.csv,46,1,45.0,,1700.0,105.5748,106.119,90.5186
cmu-ti64-st-2026,STMeasurements.csv,47,1,135.0,,1300.0,160.0855,154.4621,45.4407
cmu-ti64-st-2026,STMeasurements.csv,48,1,135.0,,1350.0,155.097,167.7043,31.5636
cmu-ti64-st-2026,STMeasurements.csv,49,1,135.0,,1400.0,157.0017,151.5597,45.7128
cmu-ti64-st-2026,STMeasurements.csv,50,1,135.0,,1450.0,154.2807,135.2337,59.9527
cmu-ti64-st-2026,STMeasurements.csv,51,1,135.0,,1500.0,145.0293,112.6494,78.3648
cmu-ti64-st-2026,STMeasurements.csv,52,1,135.0,,1550.0,158.0901,104.7585,59.4992
cmu-ti64-st-2026,STMeasurements.csv,53,1,135.0,,1600.0,144.4851,130.608,47.6175
cmu-ti64-st-2026,STMeasurements.csv,54,1,135.0,,1650.0,138.4989,133.9639,33.559
cmu-ti64-st-2026,STMeasurements.csv,55,1,135.0,,1700.0,133.8732,126.98,122.445
cmu-ti64-st-2026,STMeasurements.csv,56,1,225.0,,1300.0,147.4782,136.05,17.9586
cmu-ti64-st-2026,STMeasurements.csv,57,1,225.0,,1350.0,136.05,136.05,17.9586
cmu-ti64-st-2026,STMeasurements.csv,58,1,225.0,,1400.0,133.6011,137.9547,24.7611
cmu-ti64-st-2026,STMeasurements.csv,59,1,225.0,,1450.0,128.7033,110.4726,24.489
cmu-ti64-st-2026,STMeasurements.csv,60,1,225.0,,1500.0,119.9054,124.6218,40.815
cmu-ti64-st-2026,STMeasurements.csv,61,1,225.0,,1550.0,142.3083,86.7999,48.5245
cmu-ti64-st-2026,STMeasurements.csv,62,1,225.0,,1600.0,127.6149,83.8068,32.3799
cmu-ti64-st-2026,STMeasurements.csv,63,1,225.0,,1650.0,134.9616,81.9021,52.5153
cmu-ti64-st-2026,STMeasurements.csv,64,1,225.0,,1700.0,136.3221,100.9491,60.9504
cmu-ti64-st-2026,STMeasurements.csv,65,1,315.0,,1300.0,148.0224,135.2337,17.1423
cmu-ti64-st-2026,STMeasurements.csv,66,1,315.0,,1350.0,181.7628,134.4174,22.8564
cmu-ti64-st-2026,STMeasurements.csv,67,1,315.0,,1400.0,155.097,119.9961,25.5774
cmu-ti64-st-2026,STMeasurements.csv,68,1,315.0,,1450.0,134.1453,112.3773,16.0539
cmu-ti64-st-2026,STMeasurements.csv,69,1,315.0,,1500.0,133.0569,99.9514,23.9448
cmu-ti64-st-2026,STMeasurements.csv,70,1,315.0,,1550.0,139.8594,111.2889,49.5222
cmu-ti64-st-2026,STMeasurements.csv,71,1,315.0,,1600.0,139.0431,88.5232,41.9034
cmu-ti64-st-2026,STMeasurements.csv,72,1,315.0,,1650.0,131.6964,72.3786,36.1893
cmu-ti64-st-2026,STMeasurements.csv,73,1,315.0,,1700.0,184.7559,73.1949,71.2902
cmu-ti64-st-2026,STMeasurements.csv,74,2,0.0,,1300.0,143.2153,143.2153,18.8656
cmu-ti64-st-2026,STMeasurements.csv,75,2,0.0,,1350.0,161.1739,139.0431,15.2376
cmu-ti64-st-2026,STMeasurements.csv,76,2,0.0,,1400.0,136.3221,125.166,22.5843
cmu-ti64-st-2026,STMeasurements.csv,77,2,0.0,,1450.0,136.3221,121.3566,23.9448
cmu-ti64-st-2026,STMeasurements.csv,78,2,0.0,,1500.0,132.1499,71.5623,30.2031
cmu-ti64-st-2026,STMeasurements.csv,79,2,0.0,,1550.0,143.5781,81.9021,29.3868
cmu-ti64-st-2026,STMeasurements.csv,80,2,0.0,,1600.0,140.7664,61.7667,35.6451
cmu-ti64-st-2026,STMeasurements.csv,81,2,0.0,,1650.0,139.3152,60.9504,25.5774
cmu-ti64-st-2026,STMeasurements.csv,82,2,0.0,,1700.0,138.6803,68.5692,21.768
cmu-ti64-st-2026,STMeasurements.csv,83,2,90.0,,1300.0,133.7825,152.1946,17.8679
cmu-ti64-st-2026,STMeasurements.csv,84,2,90.0,,1350.0,139.0431,146.934,17.5051
cmu-ti64-st-2026,STMeasurements.csv,85,2,90.0,,1400.0,136.3221,109.2935,27.4821
cmu-ti64-st-2026,STMeasurements.csv,86,2,90.0,,1450.0,139.4059,114.9169,31.0194
cmu-ti64-st-2026,STMeasurements.csv,87,2,90.0,,1500.0,144.8479,81.63,48.4338
cmu-ti64-st-2026,STMeasurements.csv,88,2,90.0,,1550.0,136.2314,72.9228,51.9711
cmu-ti64-st-2026,STMeasurements.csv,89,2,90.0,,1600.0,141.2199,87.5255,56.5968
cmu-ti64-st-2026,STMeasurements.csv,90,2,90.0,,1650.0,133.6011,82.9905,38.7289
cmu-ti64-st-2026,STMeasurements.csv,91,2,90.0,,1700.0,127.7056,103.1259,76.4601
cmu-ti64-st-2026,STMeasurements.csv,92,2,180.0,,1300.0,144.4851,38.3661,43.536
cmu-ti64-st-2026,STMeasurements.csv,93,2,180.0,,1350.0,164.8926,45.1686,53.3316
cmu-ti64-st-2026,STMeasurements.csv,94,2,180.0,,1400.0,168.702,65.5761,54.9642
cmu-ti64-st-2026,STMeasurements.csv,95,2,180.0,,1450.0,180.9465,64.4877,62.8551
cmu-ti64-st-2026,STMeasurements.csv,96,2,180.0,,1500.0,179.8581,60.9504,44.8965
cmu-ti64-st-2026,STMeasurements.csv,97,2,180.0,,1550.0,169.5183,41.6313,33.7404
cmu-ti64-st-2026,STMeasurements.csv,98,2,180.0,,1600.0,187.2048,33.0148,28.5705
cmu-ti64-st-2026,STMeasurements.csv,99,2,180.0,,1650.0,196.1841,44.3523,49.7943
cmu-ti64-st-2026,STMeasurements.csv,100,2,180.0,,1700.0,177.9534,65.3947,53.4223
cmu-ti64-st-2026,STMeasurements.csv,101,2,270.0,,1300.0,135.2337,141.492,16.0539
cmu-ti64-st-2026,STMeasurements.csv,102,2,270.0,,1350.0,137.3198,145.5735,18.2307
cmu-ti64-st-2026,STMeasurements.csv,103,2,270.0,,1400.0,118.9077,121.6287,24.7611
cmu-ti64-st-2026,STMeasurements.csv,104,2,270.0,,1450.0,130.3359,105.6655,31.5636
cmu-ti64-st-2026,STMeasurements.csv,105,2,270.0,,1500.0,139.0431,109.747,57.141
cmu-ti64-st-2026,STMeasurements.csv,106,2,270.0,,1550.0,130.0638,87.7069,54.1479
cmu-ti64-st-2026,STMeasurements.csv,107,2,270.0,,1600.0,137.4105,112.3773,72.3786
cmu-ti64-st-2026,STMeasurements.csv,108,2,270.0,,1650.0,134.6895,95.235,44.8965
cmu-ti64-st-2026,STMeasurements.csv,109,2,270.0,,1700.0,135.7779,102.0375,60.769
cmu-ti64-st-2026,STMeasurements.csv,110,2,45.0,,1300.0,130.608,105.5748,22.0401
cmu-ti64-st-2026,STMeasurements.csv,111,2,45.0,,1350.0,144.4851,124.7125,41.9034
cmu-ti64-st-2026,STMeasurements.csv,112,2,45.0,,1400.0,144.7572,108.2958,59.0457
cmu-ti64-st-2026,STMeasurements.csv,113,2,45.0,,1450.0,111.2889,122.7171,49.5222
cmu-ti64-st-2026,STMeasurements.csv,114,2,45.0,,1500.0,138.2268,134.9616,57.9573
cmu-ti64-st-2026,STMeasurements.csv,115,2,45.0,,1550.0,129.5196,127.3428,38.9103
cmu-ti64-st-2026,STMeasurements.csv,116,2,45.0,,1600.0,118.9077,105.6655,39.5452
cmu-ti64-st-2026,STMeasurements.csv,117,2,45.0,,1650.0,135.5058,68.5692,45.7128
cmu-ti64-st-2026,STMeasurements.csv,118,2,45.0,,1700.0,132.6034,101.0398,80.8137
cmu-ti64-st-2026,STMeasurements.csv,119,2,135.0,,1300.0,167.3415,128.4312,42.4476
cmu-ti64-st-2026,STMeasurements.csv,120,2,135.0,,1350.0,153.7365,149.4736,29.1147
cmu-ti64-st-2026,STMeasurements.csv,121,2,135.0,,1400.0,126.5265,98.0467,51.699
cmu-ti64-st-2026,STMeasurements.csv,122,2,135.0,,1450.0,108.2958,97.8653,60.3155
cmu-ti64-st-2026,STMeasurements.csv,123,2,135.0,,1500.0,149.4736,95.5071,76.4601
cmu-ti64-st-2026,STMeasurements.csv,124,2,135.0,,1550.0,162.7158,102.3096,61.7667
cmu-ti64-st-2026,STMeasurements.csv,125,2,135.0,,1600.0,145.4828,129.3382,48.4338
cmu-ti64-st-2026,STMeasurements.csv,126,2,135.0,,1650.0,129.8824,117.2751,36.3707
cmu-ti64-st-2026,STMeasurements.csv,127,2,135.0,,1700.0,130.608,80.8137,80.2695
cmu-ti64-st-2026,STMeasurements.csv,128,2,225.0,,1300.0,148.8387,139.5873,15.5097
cmu-ti64-st-2026,STMeasurements.csv,129,2,225.0,,1350.0,135.2337,136.3221,17.1423
cmu-ti64-st-2026,STMeasurements.csv,130,2,225.0,,1400.0,147.4782,135.3244,26.6658
cmu-ti64-st-2026,STMeasurements.csv,131,2,225.0,,1450.0,113.5564,104.4864,28.5705
cmu-ti64-st-2026,STMeasurements.csv,132,2,225.0,,1500.0,128.7033,125.7102,37.2777
cmu-ti64-st-2026,STMeasurements.csv,133,2,225.0,,1550.0,135.2337,91.1535,48.4338
cmu-ti64-st-2026,STMeasurements.csv,134,2,225.0,,1600.0,144.4851,74.8275,35.1916
cmu-ti64-st-2026,STMeasurements.csv,135,2,225.0,,1650.0,138.2268,84.7138,46.6198
cmu-ti64-st-2026,STMeasurements.csv,136,2,225.0,,1700.0,134.9616,104.7585,60.9504
cmu-ti64-st-2026,STMeasurements.csv,137,2,315.0,,1300.0,136.05,135.7779,20.1354
cmu-ti64-st-2026,STMeasurements.csv,138,2,315.0,,1350.0,151.1969,133.0569,26.3937
cmu-ti64-st-2026,STMeasurements.csv,139,2,315.0,,1400.0,122.9892,115.0983,27.4821
cmu-ti64-st-2026,STMeasurements.csv,140,2,315.0,,1450.0,122.9892,99.8607,27.7542
cmu-ti64-st-2026,STMeasurements.csv,141,2,315.0,,1500.0,110.654,100.9491,32.3799
cmu-ti64-st-2026,STMeasurements.csv,142,2,315.0,,1550.0,129.7917,106.6632,44.8965
cmu-ti64-st-2026,STMeasurements.csv,143,2,315.0,,1600.0,141.492,79.5439,50.7013
cmu-ti64-st-2026,STMeasurements.csv,144,2,315.0,,1650.0,145.5735,71.0181,39.9987
cmu-ti64-st-2026,STMeasurements.csv,145,2,315.0,,1700.0,136.05,66.6645,71.0181
cmu-ti64-st-2026,STMeasurements.csv,146,3,0.0,,1300.0,131.4243,145.5735,16.8702
cmu-ti64-st-2026,STMeasurements.csv,147,3,0.0,,1350.0,134.4174,132.6034,19.3191
cmu-ti64-st-2026,STMeasurements.csv,148,3,0.0,,1400.0,135.2337,124.6218,46.257
cmu-ti64-st-2026,STMeasurements.csv,149,3,0.0,,1450.0,127.887,118.0914,31.5636
cmu-ti64-st-2026,STMeasurements.csv,150,3,0.0,,1500.0,142.8525,85.7115,54.6921
cmu-ti64-st-2026,STMeasurements.csv,151,3,0.0,,1550.0,136.8663,96.3234,47.6175
cmu-ti64-st-2026,STMeasurements.csv,152,3,0.0,,1600.0,130.3359,73.7391,90.7
cmu-ti64-st-2026,STMeasurements.csv,153,3,0.0,,1650.0,131.6964,74.8275,57.6852
cmu-ti64-st-2026,STMeasurements.csv,154,3,0.0,,1700.0,137.1384,104.4864,36.28
cmu-ti64-st-2026,STMeasurements.csv,155,3,90.0,,1300.0,158.0901,157.2738,22.0401
cmu-ti64-st-2026,STMeasurements.csv,156,3,90.0,,1350.0,140.6757,165.4368,19.3191
cmu-ti64-st-2026,STMeasurements.csv,157,3,90.0,,1400.0,123.5334,145.3014,23.9448
cmu-ti64-st-2026,STMeasurements.csv,158,3,90.0,,1450.0,130.0638,140.9478,28.5705
cmu-ti64-st-2026,STMeasurements.csv,159,3,90.0,,1500.0,137.4105,135.2337,38.094
cmu-ti64-st-2026,STMeasurements.csv,160,3,90.0,,1550.0,136.6849,97.6839,76.4601
cmu-ti64-st-2026,STMeasurements.csv,161,3,90.0,,1600.0,151.0155,81.63,47.8896
cmu-ti64-st-2026,STMeasurements.csv,162,3,90.0,,1650.0,143.1246,130.6987,67.7529
cmu-ti64-st-2026,STMeasurements.csv,163,3,90.0,,1700.0,137.2291,96.0513,70.2018
cmu-ti64-st-2026,STMeasurements.csv,164,3,180.0,,1300.0,148.5666,50.3385,34.2846
cmu-ti64-st-2026,STMeasurements.csv,165,3,180.0,,1350.0,159.7227,39.7266,40.815
cmu-ti64-st-2026,STMeasurements.csv,166,3,180.0,,1400.0,179.3139,46.257,17.7772
cmu-ti64-st-2026,STMeasurements.csv,167,3,180.0,,1450.0,184.7559,64.7598,56.8689
cmu-ti64-st-2026,STMeasurements.csv,168,3,180.0,,1500.0,152.6481,64.4877,58.7736
cmu-ti64-st-2026,STMeasurements.csv,169,3,180.0,,1550.0,154.2807,53.0595,49.5222
cmu-ti64-st-2026,STMeasurements.csv,170,3,180.0,,1600.0,187.4769,38.094,36.1893
cmu-ti64-st-2026,STMeasurements.csv,171,3,180.0,,1650.0,189.6537,43.8081,34.2846
cmu-ti64-st-2026,STMeasurements.csv,172,3,180.0,,1700.0,194.0073,78.6369,65.3947
cmu-ti64-st-2026,STMeasurements.csv,173,3,270.0,,1300.0,147.4782,144.4851,19.047
cmu-ti64-st-2026,STMeasurements.csv,174,3,270.0,,1350.0,142.8525,142.5804,19.047
cmu-ti64-st-2026,STMeasurements.csv,175,3,270.0,,1400.0,136.3221,135.2337,22.3122
cmu-ti64-st-2026,STMeasurements.csv,176,3,270.0,,1450.0,137.1384,105.5748,32.1078
cmu-ti64-st-2026,STMeasurements.csv,177,3,270.0,,1500.0,134.9616,95.7792,46.5291
cmu-ti64-st-2026,STMeasurements.csv,178,3,270.0,,1550.0,130.608,88.7046,28.5705
cmu-ti64-st-2026,STMeasurements.csv,179,3,270.0,,1600.0,147.7503,86.2557,43.8081
cmu-ti64-st-2026,STMeasurements.csv,180,3,270.0,,1650.0,127.887,77.2764,72.3786
cmu-ti64-st-2026,STMeasurements.csv,181,3,270.0,,1700.0,131.4243,69.9297,69.3855
cmu-ti64-st-2026,STMeasurements.csv,182,3,45.0,,1300.0,146.6619,141.492,26.3937
cmu-ti64-st-2026,STMeasurements.csv,183,3,45.0,,1350.0,152.376,154.5528,33.1962
cmu-ti64-st-2026,STMeasurements.csv,184,3,45.0,,1400.0,139.8594,159.1785,33.1962
cmu-ti64-st-2026,STMeasurements.csv,185,3,45.0,,1450.0,173.4184,134.1453,39.7266
cmu-ti64-st-2026,STMeasurements.csv,186,3,45.0,,1500.0,164.6205,110.4726,70.3832
cmu-ti64-st-2026,STMeasurements.csv,187,3,45.0,,1550.0,122.9892,124.6218,64.4877
cmu-ti64-st-2026,STMeasurements.csv,188,3,45.0,,1600.0,122.7171,126.2544,72.3786
cmu-ti64-st-2026,STMeasurements.csv,189,3,45.0,,1650.0,127.3428,53.0595,103.398
cmu-ti64-st-2026,STMeasurements.csv,190,3,45.0,,1700.0,130.608,66.6645,33.1962
cmu-ti64-st-2026,STMeasurements.csv,191,3,135.0,,1300.0,177.772,184.121,42.9918
cmu-ti64-st-2026,STMeasurements.csv,192,3,135.0,,1350.0,147.7503,167.8857,40.815
cmu-ti64-st-2026,STMeasurements.csv,193,3,135.0,,1400.0,160.0855,172.2393,37.5498
cmu-ti64-st-2026,STMeasurements.csv,194,3,135.0,,1450.0,154.0993,142.0362,61.8574
cmu-ti64-st-2026,STMeasurements.csv,195,3,135.0,,1500.0,148.4759,124.8939,68.5692
cmu-ti64-st-2026,STMeasurements.csv,196,3,135.0,,1550.0,167.6136,118.0914,41.0871
cmu-ti64-st-2026,STMeasurements.csv,197,3,135.0,,1600.0,161.0832,106.3911,90.6093
cmu-ti64-st-2026,STMeasurements.csv,198,3,135.0,,1650.0,147.6596,106.6632,90.7
cmu-ti64-st-2026,STMeasurements.csv,199,3,135.0,,1700.0,131.9685,77.9113,54.1479
cmu-ti64-st-2026,STMeasurements.csv,200,3,225.0,,1300.0,150.4713,112.5587,34.0125
cmu-ti64-st-2026,STMeasurements.csv,201,3,225.0,,1350.0,149.655,148.5666,22.5843
cmu-ti64-st-2026,STMeasurements.csv,202,3,225.0,,1400.0,144.4851,137.9547,25.3053
cmu-ti64-st-2026,STMeasurements.csv,203,3,225.0,,1450.0,140.9478,130.608,37.2777
cmu-ti64-st-2026,STMeasurements.csv,204,3,225.0,,1500.0,142.8525,110.2005,34.8288
cmu-ti64-st-2026,STMeasurements.csv,205,3,225.0,,1550.0,145.3014,105.1213,33.1962
cmu-ti64-st-2026,STMeasurements.csv,206,3,225.0,,1600.0,142.5804,95.235,51.699
cmu-ti64-st-2026,STMeasurements.csv,207,3,225.0,,1650.0,147.4782,88.5232,48.4338
cmu-ti64-st-2026,STMeasurements.csv,208,3,225.0,,1700.0,148.5666,81.63,63.6714
cmu-ti64-st-2026,STMeasurements.csv,209,3,315.0,,1300.0,154.3714,144.7572,24.7611
cmu-ti64-st-2026,STMeasurements.csv,210,3,315.0,,1350.0,136.8663,134.1453,22.0401
cmu-ti64-st-2026,STMeasurements.csv,211,3,315.0,,1400.0,151.2876,130.3359,32.3799
cmu-ti64-st-2026,STMeasurements.csv,212,3,315.0,,1450.0,126.5265,124.6218,49.5222
cmu-ti64-st-2026,STMeasurements.csv,213,3,315.0,,1500.0,126.5265,78.0927,52.2432
cmu-ti64-st-2026,STMeasurements.csv,214,3,315.0,,1550.0,133.329,117.8193,57.6852
cmu-ti64-st-2026,STMeasurements.csv,215,3,315.0,,1600.0,168.7927,78.0927,38.094
cmu-ti64-st-2026,STMeasurements.csv,216,3,315.0,,1650.0,135.7779,74.8275,39.7266
cmu-ti64-st-2026,STMeasurements.csv,217,3,315.0,,1700.0,129.5196,73.8298,43.536
