case,spot_um,power_W,speed_mm_s,vapor_depression_depth_um,depth_sd_um,read_uncertainty_um,power_read_uncertainty_W,locator,digitized
cun19-95um-v400-p130,95,130,400,86,10,4,3,"Fig. 3B, 400 mm/s series, marker at ~130 W (value = marker centre; SD = half error-bar span where the bar extends beyond the marker, else blank)",true
cun19-95um-v400-p156,95,156,400,129,16,6,3,"Fig. 3B, 400 mm/s series, marker at ~156 W (value = marker centre; SD = half error-bar span where the bar extends beyond the marker, else blank)",true
cun19-95um-v400-p208,95,208,400,227,16,6,3,"Fig. 3B, 400 mm/s series, marker at ~208 W (value = marker centre; SD = half error-bar span where the bar extends beyond the marker, else blank)",true
cun19-95um-v400-p231,95,231,400,259,10,4,3,"Fig. 3B, 400 mm/s series, marker at ~231 W (value = marker centre; SD = half error-bar span where the bar extends beyond the marker, else blank)",true
cun19-95um-v600-p156,95,156,600,77,,6,3,"Fig. 3B, 600 mm/s series, marker at ~156 W (value = marker centre; SD = half error-bar span where the bar extends beyond the marker, else blank)",true
cun19-95um-v600-p182,95,182,600,102,,4,3,"Fig. 3B, 600 mm/s series, marker at ~182 W (value = marker centre; SD = half error-bar span where the bar extends beyond the marker, else blank)",true
cun19-95um-v600-p208,95,208,600,118,,6,3,"Fig. 3B, 600 mm/s series, marker at ~208 W (value = marker centre; SD = half error-bar span where the bar extends beyond the marker, else blank)",true
cun19-95um-v600-p260,95,260,600,167,,6,3,"Fig. 3B, 600 mm/s series, marker at ~260 W (value = marker centre; SD = half error-bar span where the bar extends beyond the marker, else blank)",true
cun19-95um-v600-p286,95,286,600,205,6,4,3,"Fig. 3B, 600 mm/s series, marker at ~286 W (value = marker centre; SD = half error-bar span where the bar extends beyond the marker, else blank)",true
cun19-95um-v600-p364,95,364,600,309,13,4,3,"Fig. 3B, 600 mm/s series, marker at ~364 W (value = marker centre; SD = half error-bar span where the bar extends beyond the marker, else blank)",true
cun19-95um-v600-p416,95,416,600,361,15,6,3,"Fig. 3B, 600 mm/s series, marker at ~416 W (value = marker centre; SD = half error-bar span where the bar extends beyond the marker, else blank)",true
cun19-95um-v600-p468,95,468,600,398,17,4,3,"Fig. 3B, 600 mm/s series, marker at ~468 W (value = marker centre; SD = half error-bar span where the bar extends beyond the marker, else blank)",true
cun19-95um-v700-p104,95,104,700,15,,4,3,"Fig. 3B, 700 mm/s series, marker at ~104 W (value = marker centre; SD = half error-bar span where the bar extends beyond the marker, else blank)",true
cun19-95um-v700-p156,95,156,700,63,,6,3,"Fig. 3B, 700 mm/s series, marker at ~156 W (value = marker centre; SD = half error-bar span where the bar extends beyond the marker, else blank)",true
cun19-95um-v700-p208,95,208,700,118,,6,3,"Fig. 3B, 700 mm/s series, marker at ~208 W (value = marker centre; SD = half error-bar span where the bar extends beyond the marker, else blank)",true
cun19-95um-v700-p260,95,260,700,163,,6,3,"Fig. 3B, 700 mm/s series, marker at ~260 W (value = marker centre; SD = half error-bar span where the bar extends beyond the marker, else blank)",true
cun19-95um-v700-p312,95,312,700,221,12,6,3,"Fig. 3B, 700 mm/s series, marker at ~312 W (value = marker centre; SD = half error-bar span where the bar extends beyond the marker, else blank)",true
cun19-95um-v700-p364,95,364,700,261,8,4,3,"Fig. 3B, 700 mm/s series, marker at ~364 W (value = marker centre; SD = half error-bar span where the bar extends beyond the marker, else blank)",true
cun19-95um-v700-p416,95,416,700,288,11,6,3,"Fig. 3B, 700 mm/s series, marker at ~416 W (value = marker centre; SD = half error-bar span where the bar extends beyond the marker, else blank)",true
cun19-95um-v700-p468,95,468,700,331,10,4,3,"Fig. 3B, 700 mm/s series, marker at ~468 W (value = marker centre; SD = half error-bar span where the bar extends beyond the marker, else blank)",true
cun19-95um-v700-p520,95,520,700,445,16,4,3,"Fig. 3B, 700 mm/s series, marker at ~520 W (value = marker centre; SD = half error-bar span where the bar extends beyond the marker, else blank)",true
cun19-95um-v900-p156,95,156,900,58,,6,3,"Fig. 3B, 900 mm/s series, marker at ~156 W (value = marker centre; SD = half error-bar span where the bar extends beyond the marker, else blank)",true
cun19-95um-v900-p208,95,208,900,99,,6,3,"Fig. 3B, 900 mm/s series, marker at ~208 W (value = marker centre; SD = half error-bar span where the bar extends beyond the marker, else blank)",true
cun19-95um-v900-p260,95,260,900,148,9,6,3,"Fig. 3B, 900 mm/s series, marker at ~260 W (value = marker centre; SD = half error-bar span where the bar extends beyond the marker, else blank)",true
cun19-95um-v900-p312,95,312,900,173,,6,3,"Fig. 3B, 900 mm/s series, marker at ~312 W (value = marker centre; SD = half error-bar span where the bar extends beyond the marker, else blank)",true
cun19-95um-v900-p364,95,364,900,238,9,4,3,"Fig. 3B, 900 mm/s series, marker at ~364 W (value = marker centre; SD = half error-bar span where the bar extends beyond the marker, else blank)",true
cun19-95um-v900-p416,95,416,900,262,8,6,3,"Fig. 3B, 900 mm/s series, marker at ~416 W (value = marker centre; SD = half error-bar span where the bar extends beyond the marker, else blank)",true
cun19-95um-v900-p468,95,468,900,357,14,4,3,"Fig. 3B, 900 mm/s series, marker at ~468 W (value = marker centre; SD = half error-bar span where the bar extends beyond the marker, else blank)",true
cun19-95um-v900-p520,95,520,900,376,20,4,3,"Fig. 3B, 900 mm/s series, marker at ~520 W (value = marker centre; SD = half error-bar span where the bar extends beyond the marker, else blank)",true
cun19-95um-v1000-p208,95,208,1000,90,,6,3,"Fig. 3B, 1000 mm/s series, marker at ~208 W (value = marker centre; SD = half error-bar span where the bar extends beyond the marker, else blank)",true
cun19-95um-v1000-p312,95,312,1000,180,8,6,3,"Fig. 3B, 1000 mm/s series, marker at ~312 W (value = marker centre; SD = half error-bar span where the bar extends beyond the marker, else blank)",true
cun19-95um-v1000-p364,95,364,1000,208,5,4,3,"Fig. 3B, 1000 mm/s series, marker at ~364 W (value = marker centre; SD = half error-bar span where the bar extends beyond the marker, else blank)",true
cun19-95um-v1000-p416,95,416,1000,229,,6,3,"Fig. 3B, 1000 mm/s series, marker at ~416 W (value = marker centre; SD = half error-bar span where the bar extends beyond the marker, else blank)",true
cun19-95um-v1000-p468,95,468,1000,293,8,4,3,"Fig. 3B, 1000 mm/s series, marker at ~468 W (value = marker centre; SD = half error-bar span where the bar extends beyond the marker, else blank)",true
cun19-95um-v1000-p520,95,520,1000,308,8,4,3,"Fig. 3B, 1000 mm/s series, marker at ~520 W (value = marker centre; SD = half error-bar span where the bar extends beyond the marker, else blank)",true
cun19-95um-v1100-p208,95,208,1100,84,,6,3,"Fig. 3B, 1100 mm/s series, marker at ~208 W (value = marker centre; SD = half error-bar span where the bar extends beyond the marker, else blank)",true
cun19-95um-v1100-p312,95,312,1100,147,5,6,3,"Fig. 3B, 1100 mm/s series, marker at ~312 W (value = marker centre; SD = half error-bar span where the bar extends beyond the marker, else blank)",true
cun19-95um-v1100-p416,95,416,1100,231,,6,3,"Fig. 3B, 1100 mm/s series, marker at ~416 W (value = marker centre; SD = half error-bar span where the bar extends beyond the marker, else blank)",true
cun19-95um-v1100-p520,95,520,1100,286,,4,3,"Fig. 3B, 1100 mm/s series, marker at ~520 W (value = marker centre; SD = half error-bar span where the bar extends beyond the marker, else blank)",true
cun19-95um-v1200-p156,95,156,1200,35,,6,3,"Fig. 3B, 1200 mm/s series, marker at ~156 W (value = marker centre; SD = half error-bar span where the bar extends beyond the marker, else blank)",true
cun19-95um-v1200-p208,95,208,1200,77,,6,3,"Fig. 3B, 1200 mm/s series, marker at ~208 W (value = marker centre; SD = half error-bar span where the bar extends beyond the marker, else blank)",true
cun19-95um-v1200-p260,95,260,1200,97,,6,3,"Fig. 3B, 1200 mm/s series, marker at ~260 W (value = marker centre; SD = half error-bar span where the bar extends beyond the marker, else blank)",true
cun19-95um-v1200-p312,95,312,1200,135,6,6,3,"Fig. 3B, 1200 mm/s series, marker at ~312 W (value = marker centre; SD = half error-bar span where the bar extends beyond the marker, else blank)",true
cun19-95um-v1200-p364,95,364,1200,160,,4,3,"Fig. 3B, 1200 mm/s series, marker at ~364 W (value = marker centre; SD = half error-bar span where the bar extends beyond the marker, else blank)",true
cun19-95um-v1200-p468,95,468,1200,216,5,4,3,"Fig. 3B, 1200 mm/s series, marker at ~468 W (value = marker centre; SD = half error-bar span where the bar extends beyond the marker, else blank)",true
cun19-95um-v1200-p520,95,520,1200,272,9,4,3,"Fig. 3B, 1200 mm/s series, marker at ~520 W (value = marker centre; SD = half error-bar span where the bar extends beyond the marker, else blank)",true
cun19-140um-v400-p127,140,127,400,25,,4,3,"Fig. 3C, 400 mm/s series, marker at ~127 W (value = marker centre; SD = half error-bar span where the bar extends beyond the marker, else blank)",true
cun19-140um-v400-p156,140,156,400,29,,4,3,"Fig. 3C, 400 mm/s series, marker at ~156 W (value = marker centre; SD = half error-bar span where the bar extends beyond the marker, else blank)",true
cun19-140um-v400-p169,140,169,400,33,,4,3,"Fig. 3C, 400 mm/s series, marker at ~169 W (value = marker centre; SD = half error-bar span where the bar extends beyond the marker, else blank)",true
cun19-140um-v400-p181,140,181,400,52,,4,3,"Fig. 3C, 400 mm/s series, marker at ~181 W (value = marker centre; SD = half error-bar span where the bar extends beyond the marker, else blank)",true
cun19-140um-v400-p193,140,193,400,53,,4,3,"Fig. 3C, 400 mm/s series, marker at ~193 W (value = marker centre; SD = half error-bar span where the bar extends beyond the marker, else blank)",true
cun19-140um-v400-p208,140,208,400,83,6,4,3,"Fig. 3C, 400 mm/s series, marker at ~208 W (value = marker centre; SD = half error-bar span where the bar extends beyond the marker, else blank)",true
cun19-140um-v400-p234,140,234,400,110,19,4,3,"Fig. 3C, 400 mm/s series, marker at ~234 W (value = marker centre; SD = half error-bar span where the bar extends beyond the marker, else blank)",true
cun19-140um-v400-p260,140,260,400,149,8,4,3,"Fig. 3C, 400 mm/s series, marker at ~260 W (value = marker centre; SD = half error-bar span where the bar extends beyond the marker, else blank)",true
cun19-140um-v700-p156,140,156,700,20,,4,3,"Fig. 3C, 700 mm/s series, marker at ~156 W (value = marker centre; SD = half error-bar span where the bar extends beyond the marker, else blank)",true
cun19-140um-v700-p208,140,208,700,36,,4,3,"Fig. 3C, 700 mm/s series, marker at ~208 W (value = marker centre; SD = half error-bar span where the bar extends beyond the marker, else blank)",true
cun19-140um-v700-p234,140,234,700,46,,4,3,"Fig. 3C, 700 mm/s series, marker at ~234 W (value = marker centre; SD = half error-bar span where the bar extends beyond the marker, else blank)",true
cun19-140um-v700-p260,140,260,700,60,,4,3,"Fig. 3C, 700 mm/s series, marker at ~260 W (value = marker centre; SD = half error-bar span where the bar extends beyond the marker, else blank)",true
cun19-140um-v700-p286,140,286,700,70,,4,3,"Fig. 3C, 700 mm/s series, marker at ~286 W (value = marker centre; SD = half error-bar span where the bar extends beyond the marker, else blank)",true
cun19-140um-v700-p312,140,312,700,77,,4,3,"Fig. 3C, 700 mm/s series, marker at ~312 W (value = marker centre; SD = half error-bar span where the bar extends beyond the marker, else blank)",true
cun19-140um-v700-p364,140,364,700,112,,4,3,"Fig. 3C, 700 mm/s series, marker at ~364 W (value = marker centre; SD = half error-bar span where the bar extends beyond the marker, else blank)",true
cun19-140um-v700-p416,140,416,700,142,,4,3,"Fig. 3C, 700 mm/s series, marker at ~416 W (value = marker centre; SD = half error-bar span where the bar extends beyond the marker, else blank)",true
cun19-140um-v700-p520,140,520,700,210,,4,3,"Fig. 3C, 700 mm/s series, marker at ~520 W (value = marker centre; SD = half error-bar span where the bar extends beyond the marker, else blank)",true
cun19-140um-v1000-p208,140,208,1000,20,,4,3,"Fig. 3C, 1000 mm/s series, marker at ~208 W (value = marker centre; SD = half error-bar span where the bar extends beyond the marker, else blank)",true
cun19-140um-v1000-p234,140,234,1000,25,,4,3,"Fig. 3C, 1000 mm/s series, marker at ~234 W (value = marker centre; SD = half error-bar span where the bar extends beyond the marker, else blank)",true
cun19-140um-v1000-p260,140,260,1000,40,,4,3,"Fig. 3C, 1000 mm/s series, marker at ~260 W (value = marker centre; SD = half error-bar span where the bar extends beyond the marker, else blank)",true
cun19-140um-v1000-p286,140,286,1000,39,,4,3,"Fig. 3C, 1000 mm/s series, marker at ~286 W (value = marker centre; SD = half error-bar span where the bar extends beyond the marker, else blank)",true
cun19-140um-v1000-p312,140,312,1000,53,,4,3,"Fig. 3C, 1000 mm/s series, marker at ~312 W (value = marker centre; SD = half error-bar span where the bar extends beyond the marker, else blank)",true
cun19-140um-v1000-p364,140,364,1000,76,,4,3,"Fig. 3C, 1000 mm/s series, marker at ~364 W (value = marker centre; SD = half error-bar span where the bar extends beyond the marker, else blank)",true
