relation,source_dataset,relation_text,constants,uncertainty,locator,digitized
gan2021-keyhole-number,gan-keyhole-2021,Ke = eta*P / ((Tl - T0) * pi * rho * Cp * sqrt(alpha * Vs * r0^3)); r0 = laser spot radius; eta = keyhole absorptivity (Eq. 6),,,"Eq. (1), p. 2",false
gan2021-aspect-ratio,gan-keyhole-2021,e* = e / r0 = k1 * (Ke - k0),k1=0.4;k0=1.4,,"Eq. (2), p. 2",false
gan2021-regimes,gan-keyhole-2021,conduction Ke < 1.4; transition 1.4 <= Ke <= 6.0; keyhole Ke > 6.0,conduction_max=1.4;keyhole_min=6.0,,"p. 2, Results, paragraph after Eq. (2)",false
gan2021-fluctuation,gan-keyhole-2021,delta_e* = 0.36 * Ke^0.86,a=0.36;b=0.86,,"Eq. (5), p. 3",false
gan2021-stability,gan-keyhole-2021,"Ke < 16: small fluctuation, almost no porosity; Ke > 30: chaotic, unstable keyhole",stable_max=16;chaotic_min=30,,"p. 3, paragraph after Eq. (5)",false
gan2021-absorptivity,gan-keyhole-2021,eta = 0.7 * (1 - exp(-0.6 * Ke_m * Ld*)); Ke_m*Ld* = eta_m*P / ((Tl - T0) * pi * rho * Cp * Vs * r0^2); eta_m = flat-surface (minimum) absorptivity from Ye et al. 2019,eta_max=0.7;c=0.6,,"Eqs. (6)-(7), p. 5",false
gan2021-porosity,gan-keyhole-2021,phi = 0.10*erfc(NED - 1.51) + 0.01*erf(Ke_m*Ld* - 2.32) + 0.055; NED = eta_m*P / (Vs*H*L*rho*Cp*(Tl - T0)),a=0.10;b=1.51;c=0.01;d=2.32;e=0.055,R2=0.92,"Eqs. (8)-(9), p. 5",false
huang2022-front-wall-angle,huang-al7a77-2022,theta = arctan(a * (dH/hm * Lth* + b)),a=0.29;b=-0.2,a 95% CI +0.04/-0.04; b 95% CI +0.2/-0.6,"Fig. 1b caption, p. 3",false
huang2022-definitions,huang-al7a77-2022,dH/hm = beta*P / (hm*sqrt(pi*alpha_l*v*r^3)); Lth* = sqrt(alpha_l*r/v)/r; hm = rho_l*c_l*T_l; product = beta*P/(sqrt(pi)*hm*v*r^2) (alpha cancels),hm_Ti64_J_mm3=6.26;hm_Al7A77_J_mm3=2.63,beta and liquid properties: Supplementary Table 3 (not read),"Methods Eqs. (1)-(2), pp. 8-9; hm values p. 4",false
huang2022-ti64-threshold,huang-al7a77-2022,"Ti-6Al-4V stable -> unstable keyhole at dH/hm*Lth* ~ 8 +/- 3 (~60 deg front wall angle), from Cunningham 2019 and Zhao 2020 data",center=8;halfwidth=3,,"p. 3, last paragraph",false
huang2022-al7a77-threshold,huang-al7a77-2022,"Al7A77 stable -> unstable at dH/hm*Lth* ~ 20 +/- 3 (~80 deg); fluctuation regimes I < 10, II 10-20, III > 20",center=20;halfwidth=3;I_max=10;III_min=20,,p. 3 last paragraph; p. 5 (keyhole width fluctuation paragraph),false
huang2022-king-316l-citation,huang-al7a77-2022,secondary citation: King et al. found the conduction -> keyhole transition at dH/hm ~ 30 +/- 4 for 316L,center=30;halfwidth=4,secondary (King 2014 not read here),"p. 3, right column",false
hann2011-normalized-enthalpy,hann-ss304-2011,"dH_max/hs = eta*P / (rho*hs*sqrt(pi*alpha*sigma^3*U)) (Eq. 4 with S'=0, Fo << 1); sigma = half-width of the Gaussian beam at the surface (Table 1)",,,"Eq. (4), p. 4; Table 1",false
hann2011-depth-relation,hann-ss304-2011,delta* = 0 (dH <= hs); sqrt(dH/hs - 1) (hs <= dH <= Hv); sqrt(dH/hs - 10) (dH > Hv) AS PRINTED; delta* = depth/sigma,,error < +/-10% claimed; the printed form does not reproduce the paper's own Table 3/4 pairs (see report),"Section 4 equation, p. 4",false
hann2011-vaporization-ratio,hann-ss304-2011,"keyhole transition at dH/hs = Hv/hs (Richard's and Trouton's rules); Hv/hs = 10 (generic), 10.62 (304 SS), 10.22 (V), 12.34 (Ti-6Al-4V)",generic=10;ss304=10.62;vanadium=10.22;ti64=12.34,,"Table 2, p. 4; Section 4 text p. 4",false
cunningham2019-power-density,cunningham-ti64-2019,stationary-beam drill rate grows ~linearly with power density above ~0.4 MW/cm2; rho = 2P/(pi*D^2),threshold_MW_cm2=0.4,"stationary beam, not a moving-beam regime boundary","p. 1, right column; Fig. 2C",false
cunningham2019-melt-pool-ar,cunningham-ti64-2019,melt-pool transition when the melt-pool depth-to-width aspect ratio reaches ~0.5 (varies with power),aspect_ratio=0.5,"stationary beam (fig. S2, not read)","p. 1, right column",false
zhao2020-energy-threshold,zhao-ti64-2020,"low-PV keyhole-pore energy-density threshold Ec ~ 3.7 MJ/m2; high-PV d_c ~ E with slope 50 cm3/MJ (bare and powder), intercepts ~100 um apart; d_c ~ V^6 and d_c ~ P",Ec_MJ_m2=3.7;slope_cm3_MJ=50,definition of E is in the Supplementary Materials (not read),"p. 2, left column; Fig. 2G",false
king2014-keyhole-threshold-316l,king-316l-2014,dH/hs = A*P / (rho*hs*sqrt(pi*D*U*sigma^3)) (Eq. 2.6 form); sigma from I = I0*exp(-r^2/(2*sigma^2)) so the D4sigma beam diameter is 4*sigma; 316L conduction -> keyhole-mode transition (melt-pool depth > half the width) at dH/hs ~ 30 +/- 4 (transition ~26-34),A=0.4;rho_kg_m3=7980;hs_J_kg=1.2e6;D_m2_s=5.38e-6;center=30;halfwidth=4,"primary source (accepted manuscript, OSTI 1502044, LLNL-JRNL-642426); density printed as 7.98 kg/m3, physical 7.98 g/cm3 = 7980 kg/m3 (unit corrected; rendered page checked); repo-convention conversion factor 1.351 and app-unit equivalent 22.2 (19.3-25.2) are computed in python/tools/lpbf_keyhole_benchmark.py","Table 3 (King et al. 2014 accepted MS, OSTI 1502044); sigma: Section 3.2.1 fn. 3-4; 30 +/- 4: Section 5",false
