row_id,source,material,P,v,beam,preheat,layer,hatch,regime_class_input
guo-316l-n01,guo-316l-2024,316L Stainless Steel,260.0,520.0,100.0,25.0,0.0,,transition
guo-316l-n04,guo-316l-2024,316L Stainless Steel,260.0,1470.0,100.0,25.0,0.0,,conduction
guo-316l-n05,guo-316l-2024,316L Stainless Steel,260.0,2200.0,100.0,25.0,0.0,,conduction
guo-316l-n06,guo-316l-2024,316L Stainless Steel,440.0,1470.0,100.0,25.0,0.0,,transition
nist-amb2022-03-0,nist-amb2022-03-in718,Inconel 718,285.0,960.0,67.0,23.5,0.0,,keyhole
nist-amb2022-03-1.1,nist-amb2022-03-in718,Inconel 718,285.0,960.0,49.0,23.5,0.0,,keyhole
nist-amb2022-03-1.2,nist-amb2022-03-in718,Inconel 718,285.0,960.0,82.0,23.5,0.0,,transition
nist-amb2022-03-2.1,nist-amb2022-03-in718,Inconel 718,285.0,1200.0,67.0,23.5,0.0,,keyhole
nist-amb2022-03-2.2,nist-amb2022-03-in718,Inconel 718,285.0,800.0,67.0,23.5,0.0,,keyhole
nist-amb2022-03-3.1,nist-amb2022-03-in718,Inconel 718,325.0,960.0,67.0,23.5,0.0,,keyhole
nist-amb2022-03-3.2,nist-amb2022-03-in718,Inconel 718,245.0,960.0,67.0,23.5,0.0,,keyhole
