E_in_J,avg_irradiance_MW_cm2,W_weld_um,L_weld_um,E_abs_J,eta_coupling,time_to_melt_ms,time_to_keyhole_ms
1.2,0.170,304,156,0.378,0.31,0.60,
2.05,0.290,335,232,0.640,0.31,0.25,
2.92,0.412,346,310,1.020,0.35,0.11,2.1
3.10,0.439,418,343,1.550,0.50,0.068,1.5
3.27,0.462,468,374,1.794,0.55,0.036,0.91
3.45,0.489,556,417,2.209,0.64,0.064,0.57
3.61,0.511,633,472,2.535,0.70,0.064,0.52
3.78,0.535,631,495,2.620,0.69,0.024,0.46
4.63,0.655,786,679,3.580,0.77,0.044,0.32
6.26,0.889,836,996,5.370,0.86,0.024,0.14
