power_W,speed_mm_s,width_um,depth_um,height_um,contact_angle_deg
50,250,134.567361800728,77.734375,43.359375,124.934041606014
50,500,92.1972856669976,44.921875,57.421875,196.298281495623
50,750,97.959616021185,63.671875,49.609375,109.75677446467
50,1000,83.5537901357166,15.234375,69.140625,100.336287344846
50,1250,70.5038066865277,82.8125,10.15625,168.255053283828
50,1500,76.0966567361801,16.40625,6.24999999999996,166.990421359875
50,1750,62.8771929824561,8.20312499999996,1.17187500000002,182.597214453867
50,2000,39.149950347567,5.46875000000005,3.12499999999998,177.134537395567
50,2250,68.8090036411784,3.90625,1.56250000000005,177.75395012748
50,2500,54.40317775571,5.85937500000001,6.64062499999999,176.284296014414
100,250,193.038066865276,110.9375,39.0625,148.266598297876
100,500,167.954981794108,104.6875,57.8125,96.4606497571545
100,750,125.076464746773,100.390625,38.671875,135.06763604598
100,1000,119.992055610725,65.625,28.90625,117.588761361939
100,1250,113.721284342933,66.0156249999999,12.890625,161.315047222123
100,1500,83.5537901357166,50.0,56.2499999999999,168.818072316498
100,1750,94.4005296259516,35.546875,24.609375,123.994614030567
100,2000,103.382985766303,34.375,34.375,115.466210428757
100,2250,88.9771598808341,44.140625,31.6406249999999,109.450957385702
100,2500,112.873882820258,58.203125,6.64062499999995,180.631219227333
150,250,221.680238331678,423.046875,67.578125,140.540148802365
150,500,169.141343925852,195.703125,49.609375,125.332959951404
150,750,132.194637537239,177.734375,31.640625,117.169562646468
150,1000,136.770605759682,79.2968749999999,53.515625,110.933102444963
150,1250,121.008937437934,100.0,36.71875,136.524466339499
150,1500,115.755047997352,88.28125,43.75,114.190557001427
150,1750,123.381661701423,88.28125,52.34375,174.88863154276
150,2000,93.722608407812,52.34375,32.03125,113.430014549943
150,2250,105.755710029791,50.78125,22.65625,137.815249652149
150,2500,98.1290963257199,44.921875,44.1406249999999,190.528486508228
200,250,218.29063224098,553.374233128834,45.398773006135,143.64002457212
200,500,169.480304534922,377.821011673151,38.5214007782101,138.268836210737
200,750,131.686196623635,245.525291828794,36.9649805447471,142.962674067873
200,1000,114.399205561072,65.7587548638132,45.5252918287938,118.371143926622
200,1250,114.229725256538,121.400778210117,53.6964980544746,111.071198480318
200,1500,107.619993379676,106.614785992218,28.7937743190661,120.906701388531
200,1750,111.009599470374,82.8793774319066,51.7509727626458,137.800176269358
200,2000,85.4180734856008,71.5953307392995,45.9143968871595,111.210034156719
200,2250,95.5868917576961,49.0272373540856,35.0194552529183,106.084223519432
200,2500,93.3836477987421,46.692607003891,63.0350194552529,242.579498808111
250,250,216.426348891096,601.388888888889,52.7777777777778,144.109702682186
250,500,165.073816617014,463.424124513618,40.8560311284047,137.739566435916
250,750,134.736842105263,336.186770428015,52.1400778210116,116.947711454215
250,1000,114.229725256538,180.933852140078,47.0817120622568,113.592495756873
250,1250,121.856338960609,133.073929961089,75.4863813229572,178.510515758392
250,1500,101.349222111883,122.95719844358,33.4630350194553,119.555082516685
250,1750,92.5362462760675,103.501945525292,23.3463035019455,130.780629339814
250,2000,92.1972856669976,89.8832684824903,55.6420233463034,126.027264158952
250,2250,99.3154584574644,68.4824902723735,102.72373540856,250.052779116544
250,2500,87.9602780536246,61.0894941634241,1.94552529182879,175.550132870495
300,250,223.883482290632,770.212765957447,36.8794326241134,150.955469714189
300,500,174.2257530619,566.24203821656,51.5923566878981,118.522898838294
300,750,147.956305858987,387.15953307393,53.307392996109,127.326536572692
300,1000,132.025157232704,338.132295719844,28.4046692607003,126.998852383303
300,1250,110.331678252234,268.482490272373,53.6964980544746,202.792698232288
300,1500,96.0953326713009,176.264591439689,28.4046692607003,117.827432077354
300,1750,94.5700099304866,143.968871595331,35.0194552529182,105.14084185661
300,2000,86.9433962264151,118.287937743191,52.1400778210117,179.679862259153
300,2250,96.0953326713009,59.1439688715953,52.9182879377431,192.271855743621
300,2500,89.8245614035087,66.5369649805447,32.295719844358,208.289129232665
350,250,245.746441575637,987.387387387387,50.4504504504503,142.777564098819
350,500,174.2257530619,637.735849056604,49.0566037735849,151.111886101137
350,750,153.888116517709,480.544747081712,26.0700389105058,166.764331936987
350,1000,124.229063224098,372.762645914397,60.7003891050583,114.935438090039
350,1250,106.433631247931,293.774319066148,56.420233463035,117.417196155016
350,1500,120.669976828865,212.84046692607,113.229571984436,152.579748015377
350,1750,111.009599470374,252.529182879377,32.2957198443579,126.406494462343
350,2000,112.365441906653,166.147859922179,99.2217898832684,257.897419466312
350,2250,80.1641840450182,152.529182879377,27.2373540856031,149.872945430417
350,2500,89.4856007944389,131.517509727626,7.00389105058364,221.527277822543
400,250,242.017874875869,1076.27118644068,59.3220338983051,147.810899967474
400,500,168.293942403178,741.216216216216,81.7567567567567,95.6883813343253
400,750,154.057596822244,525.149700598803,46.1077844311377,120.109541813177
400,1000,120.331016219795,409.467455621302,78.1065088757397,81.8377104196961
400,1250,114.399205561072,322.95719844358,86.3813229571984,190.497971827913
400,1500,109.653757034095,259.922178988327,9.33852140077818,182.933257865129
400,1750,116.941410129096,185.214007782101,21.011673151751,175.36554207974
400,2000,90.8414432307183,157.587548638132,29.1828793774319,114.635157754416
400,2250,84.5706719629261,141.634241245136,66.1478599221789,133.247403710175
400,2500,87.9602780536246,132.684824902724,64.9805447470817,175.268419542998
